model,fips_state,hyperparameter,initial_guess,season_2025-2026
SIR-1S,0,rho_h_s_0,0.374972558,0.47490832103755865
SIR-1S,0,rho_h_scale_0,0.010042464,0.010743019235377106
SIR-1S,0,f_R_mu_0,0.381481716,0.37106480186853097
SIR-1S,0,f_R_sigma_0,0.039317644,0.026556156970310673
SIR-1S,0,f_I_s_0,1.335862389,0.8366383547009336
SIR-1S,0,f_I_scale_0,5.5e-05,7.269943344236188e-05
SIR-1S,0,beta_mu_0,0.48930934,0.479965293241746
SIR-1S,0,beta_sigma_0,0.012404246,0.012682845581167102
SIR-1S,0,delta_beta_temporal_mu_0,0.08662391,0.06086750492419344
SIR-1S,0,delta_beta_temporal_mu_1,0.103038046,0.09191283192936889
SIR-1S,0,delta_beta_temporal_mu_2,0.083324125,0.07108105365652942
SIR-1S,0,delta_beta_temporal_mu_3,0.103040761,0.09236688204280505
SIR-1S,0,delta_beta_temporal_mu_4,0.246685512,0.2321697519188088
SIR-1S,0,delta_beta_temporal_mu_5,-0.048142298,-0.04998546233134314
SIR-1S,0,delta_beta_temporal_mu_6,0.046993983,0.035974953232472795
SIR-1S,0,delta_beta_temporal_mu_7,0.067763897,0.060577516893133926
SIR-1S,0,delta_beta_temporal_mu_8,0.033506654,0.02430279090397696
SIR-1S,0,delta_beta_temporal_mu_9,0.014540592,0.008575686670373416
SIR-1S,0,delta_beta_temporal_mu_10,-0.008628593,-0.008063399143268148
SIR-1S,0,delta_beta_temporal_mu_11,0.010222308,0.007592314592526006
SIR-1S,0,delta_beta_temporal_sigma_0,0.005672716,0.04847245025964279
SIR-1S,0,delta_beta_temporal_sigma_1,0.020349767,0.0267964810240849
SIR-1S,0,delta_beta_temporal_sigma_2,0.045824489,0.04472800513838603
SIR-1S,0,delta_beta_temporal_sigma_3,0.035700363,0.029766016582856252
SIR-1S,0,delta_beta_temporal_sigma_4,0.003566184,0.029370345014951803
SIR-1S,0,delta_beta_temporal_sigma_5,0.032199813,0.03699804302062996
SIR-1S,0,delta_beta_temporal_sigma_6,0.018578376,0.05269294603979027
SIR-1S,0,delta_beta_temporal_sigma_7,0.025690333,0.03212188254412481
SIR-1S,0,delta_beta_temporal_sigma_8,0.1087177,0.1081467179807072
SIR-1S,0,delta_beta_temporal_sigma_9,0.07213043,0.08639387844229038
SIR-1S,0,delta_beta_temporal_sigma_10,0.079420443,0.0911529309569146
SIR-1S,0,delta_beta_temporal_sigma_11,0.124415086,0.13275221604198012
SIR-1S,1,rho_h_s_0,0.380660422,0.348360378
SIR-1S,1,rho_h_scale_0,0.004931039,0.006686308
SIR-1S,1,f_R_mu_0,0.289810985,0.329840122
SIR-1S,1,f_R_sigma_0,0.016268246,0.022403166
SIR-1S,1,f_I_s_0,1.641371695,0.70552083
SIR-1S,1,f_I_scale_0,2.96e-05,8.22e-05
SIR-1S,1,beta_mu_0,0.471766674,0.478353536
SIR-1S,1,beta_sigma_0,0.0029565,0.013764663
SIR-1S,1,delta_beta_temporal_mu_0,-0.035489335,-0.00997445
SIR-1S,1,delta_beta_temporal_mu_1,0.007610294,0.001492447
SIR-1S,1,delta_beta_temporal_mu_2,-0.03605444,-0.004222046
SIR-1S,1,delta_beta_temporal_mu_3,0.062723668,0.071830983
SIR-1S,1,delta_beta_temporal_mu_4,0.131478898,0.170659772
SIR-1S,1,delta_beta_temporal_mu_5,-0.121340219,-0.106304816
SIR-1S,1,delta_beta_temporal_mu_6,-0.009648803,0.001786245
SIR-1S,1,delta_beta_temporal_mu_7,-0.01060758,-0.004651018
SIR-1S,1,delta_beta_temporal_mu_8,0.001556037,0.000375203
SIR-1S,1,delta_beta_temporal_mu_9,0.09225923,0.08523697
SIR-1S,1,delta_beta_temporal_mu_10,0.024844743,0.011491629
SIR-1S,1,delta_beta_temporal_mu_11,-0.037574853,-0.046025714
SIR-1S,1,delta_beta_temporal_sigma_0,0.013144293,0.04057902
SIR-1S,1,delta_beta_temporal_sigma_1,0.007822845,0.026635366
SIR-1S,1,delta_beta_temporal_sigma_2,0.012217511,0.039085152
SIR-1S,1,delta_beta_temporal_sigma_3,0.01288541,0.04184437
SIR-1S,1,delta_beta_temporal_sigma_4,0.016158399,0.040769701
SIR-1S,1,delta_beta_temporal_sigma_5,0.072367116,0.068058692
SIR-1S,1,delta_beta_temporal_sigma_6,0.059232506,0.088196415
SIR-1S,1,delta_beta_temporal_sigma_7,0.046027902,0.042192127
SIR-1S,1,delta_beta_temporal_sigma_8,0.072558895,0.058101506
SIR-1S,1,delta_beta_temporal_sigma_9,0.012784764,0.041900039
SIR-1S,1,delta_beta_temporal_sigma_10,0.049507295,0.049472328
SIR-1S,1,delta_beta_temporal_sigma_11,0.030617203,0.053286445
SIR-1S,2,rho_h_s_0,0.422003178,0.150439801
SIR-1S,2,rho_h_scale_0,0.003581578,0.009784923
SIR-1S,2,f_R_mu_0,0.297865034,0.351348945
SIR-1S,2,f_R_sigma_0,0.007937429,0.024546412
SIR-1S,2,f_I_s_0,1.34173675,0.331280453
SIR-1S,2,f_I_scale_0,0.00023834,0.000382597
SIR-1S,2,beta_mu_0,0.46913045,0.466382054
SIR-1S,2,beta_sigma_0,0.00687326,0.018082804
SIR-1S,2,delta_beta_temporal_mu_0,-0.00014498,-0.001044804
SIR-1S,2,delta_beta_temporal_mu_1,-0.017803438,-0.030934715
SIR-1S,2,delta_beta_temporal_mu_2,-0.029660808,-0.045732629
SIR-1S,2,delta_beta_temporal_mu_3,-0.014318114,-0.024228699
SIR-1S,2,delta_beta_temporal_mu_4,0.010844445,0.019267254
SIR-1S,2,delta_beta_temporal_mu_5,-0.00053047,0.000127482
SIR-1S,2,delta_beta_temporal_mu_6,-0.017022945,-0.035734655
SIR-1S,2,delta_beta_temporal_mu_7,0.036687013,0.042983777
SIR-1S,2,delta_beta_temporal_mu_8,0.063326246,0.066487045
SIR-1S,2,delta_beta_temporal_mu_9,0.025723995,-0.005805863
SIR-1S,2,delta_beta_temporal_mu_10,0.019859135,0.0124138
SIR-1S,2,delta_beta_temporal_mu_11,0.006905972,-0.011458458
SIR-1S,2,delta_beta_temporal_sigma_0,0.031120007,0.072956817
SIR-1S,2,delta_beta_temporal_sigma_1,0.005615037,0.026154438
SIR-1S,2,delta_beta_temporal_sigma_2,0.026309588,0.068379935
SIR-1S,2,delta_beta_temporal_sigma_3,0.02627438,0.08352731
SIR-1S,2,delta_beta_temporal_sigma_4,0.014689695,0.054369896
SIR-1S,2,delta_beta_temporal_sigma_5,0.028738904,0.058717322
SIR-1S,2,delta_beta_temporal_sigma_6,0.039981813,0.069314787
SIR-1S,2,delta_beta_temporal_sigma_7,0.009539241,0.053775008
SIR-1S,2,delta_beta_temporal_sigma_8,0.032984023,0.071522339
SIR-1S,2,delta_beta_temporal_sigma_9,0.002344386,0.024678929
SIR-1S,2,delta_beta_temporal_sigma_10,0.003894644,0.027332633
SIR-1S,2,delta_beta_temporal_sigma_11,0.00176108,0.015029453
SIR-1S,4,rho_h_s_0,0.24035679,0.185684262
SIR-1S,4,rho_h_scale_0,0.010699494,0.015998672
SIR-1S,4,f_R_mu_0,0.254799233,0.309808079
SIR-1S,4,f_R_sigma_0,0.015726229,0.029238046
SIR-1S,4,f_I_s_0,0.265672677,0.137632278
SIR-1S,4,f_I_scale_0,2.14e-05,3.05e-05
SIR-1S,4,beta_mu_0,0.455864901,0.463357581
SIR-1S,4,beta_sigma_0,0.005790149,0.01191333
SIR-1S,4,delta_beta_temporal_mu_0,0.011247735,0.042411771
SIR-1S,4,delta_beta_temporal_mu_1,0.016151672,0.066379397
SIR-1S,4,delta_beta_temporal_mu_2,-0.039022766,-0.001292114
SIR-1S,4,delta_beta_temporal_mu_3,-0.001022122,0.005441252
SIR-1S,4,delta_beta_temporal_mu_4,0.092824263,0.120960498
SIR-1S,4,delta_beta_temporal_mu_5,-0.159318708,-0.152343892
SIR-1S,4,delta_beta_temporal_mu_6,-0.097119902,-0.077071583
SIR-1S,4,delta_beta_temporal_mu_7,-0.117226896,-0.099628144
SIR-1S,4,delta_beta_temporal_mu_8,0.012413605,0.019038288
SIR-1S,4,delta_beta_temporal_mu_9,-0.036594811,-0.049700638
SIR-1S,4,delta_beta_temporal_mu_10,-0.0380665,-0.050720915
SIR-1S,4,delta_beta_temporal_mu_11,0.002620425,-0.002883337
SIR-1S,4,delta_beta_temporal_sigma_0,0.059221223,0.059111308
SIR-1S,4,delta_beta_temporal_sigma_1,0.032952915,0.051720004
SIR-1S,4,delta_beta_temporal_sigma_2,0.004773772,0.0190476
SIR-1S,4,delta_beta_temporal_sigma_3,0.041512526,0.055150494
SIR-1S,4,delta_beta_temporal_sigma_4,0.034024637,0.04463467
SIR-1S,4,delta_beta_temporal_sigma_5,0.015113159,0.024671934
SIR-1S,4,delta_beta_temporal_sigma_6,0.029893795,0.053582691
SIR-1S,4,delta_beta_temporal_sigma_7,0.112396024,0.152043977
SIR-1S,4,delta_beta_temporal_sigma_8,0.007153081,0.022532255
SIR-1S,4,delta_beta_temporal_sigma_9,0.011969542,0.029950756
SIR-1S,4,delta_beta_temporal_sigma_10,0.024171163,0.047188276
SIR-1S,4,delta_beta_temporal_sigma_11,0.05699827,0.051173333
SIR-1S,5,rho_h_s_0,0.040945965,0.088815447
SIR-1S,5,rho_h_scale_0,0.006381275,0.008666656
SIR-1S,5,f_R_mu_0,0.280452217,0.332659779
SIR-1S,5,f_R_sigma_0,0.012714453,0.025918017
SIR-1S,5,f_I_s_0,1.29106024,0.445704417
SIR-1S,5,f_I_scale_0,1.79e-05,6.53e-05
SIR-1S,5,beta_mu_0,0.465939929,0.470532761
SIR-1S,5,beta_sigma_0,0.002290092,0.010534368
SIR-1S,5,delta_beta_temporal_mu_0,-0.053694951,-0.042384431
SIR-1S,5,delta_beta_temporal_mu_1,-0.044259919,-0.033186086
SIR-1S,5,delta_beta_temporal_mu_2,-0.028877944,-0.001789893
SIR-1S,5,delta_beta_temporal_mu_3,0.00330238,0.004335963
SIR-1S,5,delta_beta_temporal_mu_4,0.11250896,0.215148793
SIR-1S,5,delta_beta_temporal_mu_5,-0.033486347,-0.001944405
SIR-1S,5,delta_beta_temporal_mu_6,0.043925532,0.06006291
SIR-1S,5,delta_beta_temporal_mu_7,0.040847275,0.064084987
SIR-1S,5,delta_beta_temporal_mu_8,0.003344398,0.011361
SIR-1S,5,delta_beta_temporal_mu_9,0.063749673,0.072713437
SIR-1S,5,delta_beta_temporal_mu_10,-0.030813833,-0.060585684
SIR-1S,5,delta_beta_temporal_mu_11,0.007730234,0.001176616
SIR-1S,5,delta_beta_temporal_sigma_0,0.016573055,0.070258216
SIR-1S,5,delta_beta_temporal_sigma_1,0.020830804,0.042066208
SIR-1S,5,delta_beta_temporal_sigma_2,0.008050909,0.034801794
SIR-1S,5,delta_beta_temporal_sigma_3,0.017750104,0.044057818
SIR-1S,5,delta_beta_temporal_sigma_4,0.03057373,0.053607909
SIR-1S,5,delta_beta_temporal_sigma_5,0.033788819,0.047817411
SIR-1S,5,delta_beta_temporal_sigma_6,0.046043205,0.089057495
SIR-1S,5,delta_beta_temporal_sigma_7,0.008536586,0.03186532
SIR-1S,5,delta_beta_temporal_sigma_8,0.083014977,0.06684105
SIR-1S,5,delta_beta_temporal_sigma_9,0.001205378,0.014346546
SIR-1S,5,delta_beta_temporal_sigma_10,0.012629618,0.049798929
SIR-1S,5,delta_beta_temporal_sigma_11,0.03613657,0.04622515
SIR-1S,6,rho_h_s_0,0.434689563,0.390701729
SIR-1S,6,rho_h_scale_0,0.004713378,0.006532183
SIR-1S,6,f_R_mu_0,0.308124266,0.348432955
SIR-1S,6,f_R_sigma_0,0.018182885,0.030232198
SIR-1S,6,f_I_s_0,0.990792876,0.559997656
SIR-1S,6,f_I_scale_0,3.18e-05,5.42e-05
SIR-1S,6,beta_mu_0,0.468026033,0.472783956
SIR-1S,6,beta_sigma_0,0.004916911,0.014807213
SIR-1S,6,delta_beta_temporal_mu_0,-0.018394915,-0.010665844
SIR-1S,6,delta_beta_temporal_mu_1,0.091901999,0.146719457
SIR-1S,6,delta_beta_temporal_mu_2,0.071953206,0.094078008
SIR-1S,6,delta_beta_temporal_mu_3,0.052598588,0.076608529
SIR-1S,6,delta_beta_temporal_mu_4,0.10479671,0.140728229
SIR-1S,6,delta_beta_temporal_mu_5,-0.114399082,-0.095820762
SIR-1S,6,delta_beta_temporal_mu_6,-0.001287166,-0.00071318
SIR-1S,6,delta_beta_temporal_mu_7,-0.068216528,-0.048278772
SIR-1S,6,delta_beta_temporal_mu_8,-0.070592721,-0.05786578
SIR-1S,6,delta_beta_temporal_mu_9,-0.020413591,-0.016461878
SIR-1S,6,delta_beta_temporal_mu_10,0.007638027,0.00428974
SIR-1S,6,delta_beta_temporal_mu_11,0.059492647,0.053061719
SIR-1S,6,delta_beta_temporal_sigma_0,0.008240844,0.026692097
SIR-1S,6,delta_beta_temporal_sigma_1,0.07712707,0.085695403
SIR-1S,6,delta_beta_temporal_sigma_2,0.018278477,0.040599161
SIR-1S,6,delta_beta_temporal_sigma_3,0.027753308,0.034924621
SIR-1S,6,delta_beta_temporal_sigma_4,0.012512633,0.025472594
SIR-1S,6,delta_beta_temporal_sigma_5,0.019261151,0.025330247
SIR-1S,6,delta_beta_temporal_sigma_6,0.040662033,0.077908916
SIR-1S,6,delta_beta_temporal_sigma_7,0.002584951,0.013840116
SIR-1S,6,delta_beta_temporal_sigma_8,0.065129868,0.072315876
SIR-1S,6,delta_beta_temporal_sigma_9,0.039202923,0.049909742
SIR-1S,6,delta_beta_temporal_sigma_10,0.067722842,0.066348575
SIR-1S,6,delta_beta_temporal_sigma_11,0.075765299,0.069395065
SIR-1S,8,rho_h_s_0,0.244427305,0.248062322
SIR-1S,8,rho_h_scale_0,0.004754129,0.006432608
SIR-1S,8,f_R_mu_0,0.293110669,0.335501449
SIR-1S,8,f_R_sigma_0,0.006213949,0.023009585
SIR-1S,8,f_I_s_0,0.869159385,0.372764453
SIR-1S,8,f_I_scale_0,2.18e-05,4.73e-05
SIR-1S,8,beta_mu_0,0.471450831,0.476389589
SIR-1S,8,beta_sigma_0,0.001150026,0.007780826
SIR-1S,8,delta_beta_temporal_mu_0,-0.00676077,-0.007984002
SIR-1S,8,delta_beta_temporal_mu_1,0.031261735,0.09062374
SIR-1S,8,delta_beta_temporal_mu_2,0.00896549,0.016346691
SIR-1S,8,delta_beta_temporal_mu_3,-0.009341558,0.00874058
SIR-1S,8,delta_beta_temporal_mu_4,0.132549186,0.143954445
SIR-1S,8,delta_beta_temporal_mu_5,-0.081541217,-0.070190586
SIR-1S,8,delta_beta_temporal_mu_6,-0.048351245,-0.023096343
SIR-1S,8,delta_beta_temporal_mu_7,0.05386774,0.057822915
SIR-1S,8,delta_beta_temporal_mu_8,-0.025406519,-0.033170835
SIR-1S,8,delta_beta_temporal_mu_9,0.024258474,0.01103819
SIR-1S,8,delta_beta_temporal_mu_10,0.028330674,0.007400866
SIR-1S,8,delta_beta_temporal_mu_11,0.010322247,-0.003756849
SIR-1S,8,delta_beta_temporal_sigma_0,0.004391386,0.017629201
SIR-1S,8,delta_beta_temporal_sigma_1,0.04986525,0.08063436
SIR-1S,8,delta_beta_temporal_sigma_2,0.005512873,0.021393866
SIR-1S,8,delta_beta_temporal_sigma_3,0.002289688,0.011599616
SIR-1S,8,delta_beta_temporal_sigma_4,0.072752861,0.123263414
SIR-1S,8,delta_beta_temporal_sigma_5,0.023405225,0.041454527
SIR-1S,8,delta_beta_temporal_sigma_6,0.011737465,0.041954857
SIR-1S,8,delta_beta_temporal_sigma_7,0.030069553,0.073086086
SIR-1S,8,delta_beta_temporal_sigma_8,0.004027444,0.026193946
SIR-1S,8,delta_beta_temporal_sigma_9,0.04902204,0.04124977
SIR-1S,8,delta_beta_temporal_sigma_10,0.049004657,0.062557969
SIR-1S,8,delta_beta_temporal_sigma_11,0.012854779,0.041194407
SIR-1S,9,rho_h_s_0,0.108789646,0.188608471
SIR-1S,9,rho_h_scale_0,0.004941619,0.006439952
SIR-1S,9,f_R_mu_0,0.287142126,0.339843236
SIR-1S,9,f_R_sigma_0,0.01680471,0.030407165
SIR-1S,9,f_I_s_0,1.213787093,0.615984613
SIR-1S,9,f_I_scale_0,1.14e-05,3.31e-05
SIR-1S,9,beta_mu_0,0.469951152,0.474265292
SIR-1S,9,beta_sigma_0,0.001965772,0.017062043
SIR-1S,9,delta_beta_temporal_mu_0,-0.04785653,-0.047246996
SIR-1S,9,delta_beta_temporal_mu_1,-0.020305599,-0.009991133
SIR-1S,9,delta_beta_temporal_mu_2,0.013643279,0.026453497
SIR-1S,9,delta_beta_temporal_mu_3,0.036700114,0.046013765
SIR-1S,9,delta_beta_temporal_mu_4,0.116689406,0.117464146
SIR-1S,9,delta_beta_temporal_mu_5,-0.067288515,-0.044202634
SIR-1S,9,delta_beta_temporal_mu_6,-0.028127287,-0.01597352
SIR-1S,9,delta_beta_temporal_mu_7,0.013333765,0.031023969
SIR-1S,9,delta_beta_temporal_mu_8,0.021583937,0.021577677
SIR-1S,9,delta_beta_temporal_mu_9,-0.02381249,-0.013001695
SIR-1S,9,delta_beta_temporal_mu_10,-0.011025401,-0.013069302
SIR-1S,9,delta_beta_temporal_mu_11,0.055721934,0.059200764
SIR-1S,9,delta_beta_temporal_sigma_0,0.004775273,0.025702765
SIR-1S,9,delta_beta_temporal_sigma_1,0.019556493,0.047537955
SIR-1S,9,delta_beta_temporal_sigma_2,0.050560948,0.112386279
SIR-1S,9,delta_beta_temporal_sigma_3,0.017139146,0.052951536
SIR-1S,9,delta_beta_temporal_sigma_4,0.082883592,0.123929651
SIR-1S,9,delta_beta_temporal_sigma_5,0.002600142,0.020733979
SIR-1S,9,delta_beta_temporal_sigma_6,0.032318913,0.064922059
SIR-1S,9,delta_beta_temporal_sigma_7,0.023094357,0.049962151
SIR-1S,9,delta_beta_temporal_sigma_8,0.105304898,0.113318757
SIR-1S,9,delta_beta_temporal_sigma_9,0.027015209,0.052062208
SIR-1S,9,delta_beta_temporal_sigma_10,0.014357505,0.028158366
SIR-1S,9,delta_beta_temporal_sigma_11,0.025694797,0.050126842
SIR-1S,10,rho_h_s_0,0.321335132,0.213695659
SIR-1S,10,rho_h_scale_0,0.003969074,0.008185368
SIR-1S,10,f_R_mu_0,0.293642872,0.354983726
SIR-1S,10,f_R_sigma_0,0.023096751,0.033187892
SIR-1S,10,f_I_s_0,0.960098966,0.194621222
SIR-1S,10,f_I_scale_0,2.01e-05,7.23e-05
SIR-1S,10,beta_mu_0,0.474540915,0.474406651
SIR-1S,10,beta_sigma_0,0.002302485,0.014455871
SIR-1S,10,delta_beta_temporal_mu_0,-0.040915958,-0.060829537
SIR-1S,10,delta_beta_temporal_mu_1,-0.025687088,-0.012747659
SIR-1S,10,delta_beta_temporal_mu_2,-0.00532388,-0.005156683
SIR-1S,10,delta_beta_temporal_mu_3,0.047522777,0.080934147
SIR-1S,10,delta_beta_temporal_mu_4,0.125758326,0.247755207
SIR-1S,10,delta_beta_temporal_mu_5,-0.070242913,-0.075228929
SIR-1S,10,delta_beta_temporal_mu_6,-0.028983485,-0.029878829
SIR-1S,10,delta_beta_temporal_mu_7,0.072182661,0.051719591
SIR-1S,10,delta_beta_temporal_mu_8,0.033783284,-0.004602786
SIR-1S,10,delta_beta_temporal_mu_9,0.03680468,-0.004801145
SIR-1S,10,delta_beta_temporal_mu_10,0.024737896,-0.008132007
SIR-1S,10,delta_beta_temporal_mu_11,0.014343887,-0.027125734
SIR-1S,10,delta_beta_temporal_sigma_0,0.017031495,0.056062565
SIR-1S,10,delta_beta_temporal_sigma_1,0.008918444,0.045702454
SIR-1S,10,delta_beta_temporal_sigma_2,0.013549798,0.038919407
SIR-1S,10,delta_beta_temporal_sigma_3,0.0116354,0.047246354
SIR-1S,10,delta_beta_temporal_sigma_4,0.01856835,0.054325765
SIR-1S,10,delta_beta_temporal_sigma_5,0.03212841,0.06620984
SIR-1S,10,delta_beta_temporal_sigma_6,0.007094839,0.032786518
SIR-1S,10,delta_beta_temporal_sigma_7,0.057518696,0.089869766
SIR-1S,10,delta_beta_temporal_sigma_8,0.026361421,0.051143635
SIR-1S,10,delta_beta_temporal_sigma_9,0.002799892,0.021523347
SIR-1S,10,delta_beta_temporal_sigma_10,0.004762958,0.036725248
SIR-1S,10,delta_beta_temporal_sigma_11,0.00096042,0.005906179
SIR-1S,11,rho_h_s_0,0.319089154,0.196903313
SIR-1S,11,rho_h_scale_0,0.006095526,0.010065691
SIR-1S,11,f_R_mu_0,0.278445323,0.34588798
SIR-1S,11,f_R_sigma_0,0.018583773,0.027759006
SIR-1S,11,f_I_s_0,1.378158471,0.38656933
SIR-1S,11,f_I_scale_0,1.44e-05,2.69e-05
SIR-1S,11,beta_mu_0,0.471873359,0.478245437
SIR-1S,11,beta_sigma_0,0.003703243,0.018943
SIR-1S,11,delta_beta_temporal_mu_0,-0.037985111,-0.014488639
SIR-1S,11,delta_beta_temporal_mu_1,-0.028741242,0.015230833
SIR-1S,11,delta_beta_temporal_mu_2,-0.011606763,0.008843569
SIR-1S,11,delta_beta_temporal_mu_3,0.013191582,0.038029338
SIR-1S,11,delta_beta_temporal_mu_4,0.081252015,0.156722728
SIR-1S,11,delta_beta_temporal_mu_5,-0.06650817,-0.086656111
SIR-1S,11,delta_beta_temporal_mu_6,0.021541476,0.014771702
SIR-1S,11,delta_beta_temporal_mu_7,-0.034642921,-0.01579646
SIR-1S,11,delta_beta_temporal_mu_8,0.010351746,-0.004149468
SIR-1S,11,delta_beta_temporal_mu_9,0.105982096,0.096117104
SIR-1S,11,delta_beta_temporal_mu_10,0.069215128,0.023353394
SIR-1S,11,delta_beta_temporal_mu_11,0.007123863,0.026860539
SIR-1S,11,delta_beta_temporal_sigma_0,0.005870221,0.03037833
SIR-1S,11,delta_beta_temporal_sigma_1,0.011377537,0.045152755
SIR-1S,11,delta_beta_temporal_sigma_2,0.02843643,0.076806215
SIR-1S,11,delta_beta_temporal_sigma_3,0.033878602,0.064623914
SIR-1S,11,delta_beta_temporal_sigma_4,0.005527465,0.022733544
SIR-1S,11,delta_beta_temporal_sigma_5,0.005220668,0.030053542
SIR-1S,11,delta_beta_temporal_sigma_6,0.107370863,0.180217895
SIR-1S,11,delta_beta_temporal_sigma_7,0.018383009,0.043882769
SIR-1S,11,delta_beta_temporal_sigma_8,0.038430742,0.054566087
SIR-1S,11,delta_beta_temporal_sigma_9,0.029699685,0.063772753
SIR-1S,11,delta_beta_temporal_sigma_10,0.008578338,0.031391866
SIR-1S,11,delta_beta_temporal_sigma_11,0.035592002,0.055046083
SIR-1S,12,rho_h_s_0,0.268766468,0.249309891
SIR-1S,12,rho_h_scale_0,0.010421515,0.012758176
SIR-1S,12,f_R_mu_0,0.273110543,0.313512403
SIR-1S,12,f_R_sigma_0,0.049050127,0.041760388
SIR-1S,12,f_I_s_0,1.146459807,0.74242436
SIR-1S,12,f_I_scale_0,0.00011644,0.000147111
SIR-1S,12,beta_mu_0,0.428162554,0.435984264
SIR-1S,12,beta_sigma_0,0.016896945,0.01620395
SIR-1S,12,delta_beta_temporal_mu_0,0.014060022,0.048297461
SIR-1S,12,delta_beta_temporal_mu_1,0.088380339,0.092678186
SIR-1S,12,delta_beta_temporal_mu_2,0.020499025,0.029428503
SIR-1S,12,delta_beta_temporal_mu_3,-0.009548339,0.001593813
SIR-1S,12,delta_beta_temporal_mu_4,0.150793502,0.155564029
SIR-1S,12,delta_beta_temporal_mu_5,-0.029492985,-0.023124233
SIR-1S,12,delta_beta_temporal_mu_6,0.002673396,0.010221461
SIR-1S,12,delta_beta_temporal_mu_7,0.017438231,0.012224442
SIR-1S,12,delta_beta_temporal_mu_8,-0.051333801,-0.041589412
SIR-1S,12,delta_beta_temporal_mu_9,0.01165307,0.007189071
SIR-1S,12,delta_beta_temporal_mu_10,0.00158739,-0.00351021
SIR-1S,12,delta_beta_temporal_mu_11,-0.010041007,-0.022472895
SIR-1S,12,delta_beta_temporal_sigma_0,0.027270274,0.040300817
SIR-1S,12,delta_beta_temporal_sigma_1,0.015701264,0.034050797
SIR-1S,12,delta_beta_temporal_sigma_2,0.024724937,0.033903389
SIR-1S,12,delta_beta_temporal_sigma_3,0.006407,0.016717752
SIR-1S,12,delta_beta_temporal_sigma_4,0.006228855,0.029366224
SIR-1S,12,delta_beta_temporal_sigma_5,0.026960534,0.033024166
SIR-1S,12,delta_beta_temporal_sigma_6,0.04451366,0.066177037
SIR-1S,12,delta_beta_temporal_sigma_7,0.055775579,0.052029842
SIR-1S,12,delta_beta_temporal_sigma_8,0.066742775,0.077890828
SIR-1S,12,delta_beta_temporal_sigma_9,0.063507132,0.074688584
SIR-1S,12,delta_beta_temporal_sigma_10,0.042668554,0.040104971
SIR-1S,12,delta_beta_temporal_sigma_11,0.088968612,0.060657778
SIR-1S,13,rho_h_s_0,0.105635967,0.101724823
SIR-1S,13,rho_h_scale_0,0.004896575,0.006888785
SIR-1S,13,f_R_mu_0,0.295579106,0.336619105
SIR-1S,13,f_R_sigma_0,0.018515627,0.035217467
SIR-1S,13,f_I_s_0,1.588192887,0.762532715
SIR-1S,13,f_I_scale_0,2.67e-05,5.83e-05
SIR-1S,13,beta_mu_0,0.465620752,0.466544426
SIR-1S,13,beta_sigma_0,0.006150297,0.015826139
SIR-1S,13,delta_beta_temporal_mu_0,-0.046098124,-0.012757507
SIR-1S,13,delta_beta_temporal_mu_1,0.052685603,0.135636562
SIR-1S,13,delta_beta_temporal_mu_2,-0.015234513,0.000633966
SIR-1S,13,delta_beta_temporal_mu_3,0.089657153,0.122424462
SIR-1S,13,delta_beta_temporal_mu_4,0.205222017,0.262593611
SIR-1S,13,delta_beta_temporal_mu_5,-0.112362557,-0.103770932
SIR-1S,13,delta_beta_temporal_mu_6,0.026215873,0.036153199
SIR-1S,13,delta_beta_temporal_mu_7,-0.001623792,-0.005973347
SIR-1S,13,delta_beta_temporal_mu_8,-0.053205483,-0.057090208
SIR-1S,13,delta_beta_temporal_mu_9,0.066958613,0.068279589
SIR-1S,13,delta_beta_temporal_mu_10,-0.002464169,-0.009316921
SIR-1S,13,delta_beta_temporal_mu_11,0.025332228,-0.010911474
SIR-1S,13,delta_beta_temporal_sigma_0,0.022483262,0.043038227
SIR-1S,13,delta_beta_temporal_sigma_1,0.034567961,0.060256987
SIR-1S,13,delta_beta_temporal_sigma_2,0.040059438,0.056337246
SIR-1S,13,delta_beta_temporal_sigma_3,0.006797331,0.024805888
SIR-1S,13,delta_beta_temporal_sigma_4,0.009515855,0.030142505
SIR-1S,13,delta_beta_temporal_sigma_5,0.008509042,0.027686284
SIR-1S,13,delta_beta_temporal_sigma_6,0.031684919,0.059047133
SIR-1S,13,delta_beta_temporal_sigma_7,0.024661237,0.025628675
SIR-1S,13,delta_beta_temporal_sigma_8,0.095651718,0.096815406
SIR-1S,13,delta_beta_temporal_sigma_9,0.025304277,0.041097058
SIR-1S,13,delta_beta_temporal_sigma_10,0.019772897,0.037332363
SIR-1S,13,delta_beta_temporal_sigma_11,0.047732309,0.04992063
SIR-1S,15,rho_h_s_0,0.387931019,0.184186697
SIR-1S,15,rho_h_scale_0,0.004147831,0.009397941
SIR-1S,15,f_R_mu_0,0.297254394,0.352351885
SIR-1S,15,f_R_sigma_0,0.019756363,0.03466549
SIR-1S,15,f_I_s_0,1.504226671,0.520737055
SIR-1S,15,f_I_scale_0,9.68e-05,0.000233245
SIR-1S,15,beta_mu_0,0.462809192,0.464983371
SIR-1S,15,beta_sigma_0,0.004223104,0.0177522
SIR-1S,15,delta_beta_temporal_mu_0,-0.025923515,-0.00518948
SIR-1S,15,delta_beta_temporal_mu_1,-0.010322511,-0.000288622
SIR-1S,15,delta_beta_temporal_mu_2,-0.005008787,0.001372995
SIR-1S,15,delta_beta_temporal_mu_3,0.022531825,0.004311019
SIR-1S,15,delta_beta_temporal_mu_4,0.045846173,0.057087905
SIR-1S,15,delta_beta_temporal_mu_5,-0.007319421,0.005125557
SIR-1S,15,delta_beta_temporal_mu_6,-0.055304216,-0.055546701
SIR-1S,15,delta_beta_temporal_mu_7,-0.0216687,-0.019090766
SIR-1S,15,delta_beta_temporal_mu_8,0.00895265,0.023933004
SIR-1S,15,delta_beta_temporal_mu_9,0.002873481,-0.012725453
SIR-1S,15,delta_beta_temporal_mu_10,-0.008942356,-0.005299749
SIR-1S,15,delta_beta_temporal_mu_11,0.038120297,0.03866621
SIR-1S,15,delta_beta_temporal_sigma_0,0.001788587,0.01607279
SIR-1S,15,delta_beta_temporal_sigma_1,0.009964562,0.030336276
SIR-1S,15,delta_beta_temporal_sigma_2,0.008776809,0.033425908
SIR-1S,15,delta_beta_temporal_sigma_3,0.01288799,0.054656922
SIR-1S,15,delta_beta_temporal_sigma_4,0.027707136,0.072204308
SIR-1S,15,delta_beta_temporal_sigma_5,0.004805777,0.019898496
SIR-1S,15,delta_beta_temporal_sigma_6,0.05033893,0.05894282
SIR-1S,15,delta_beta_temporal_sigma_7,0.014611831,0.042970751
SIR-1S,15,delta_beta_temporal_sigma_8,0.024940988,0.055544303
SIR-1S,15,delta_beta_temporal_sigma_9,0.038958006,0.054452611
SIR-1S,15,delta_beta_temporal_sigma_10,0.021581704,0.067758056
SIR-1S,15,delta_beta_temporal_sigma_11,0.012568043,0.053993439
SIR-1S,16,rho_h_s_0,0.235145123,0.233990591
SIR-1S,16,rho_h_scale_0,0.0050013,0.008053188
SIR-1S,16,f_R_mu_0,0.282776112,0.344116556
SIR-1S,16,f_R_sigma_0,0.008587927,0.015057143
SIR-1S,16,f_I_s_0,0.47142888,0.145089429
SIR-1S,16,f_I_scale_0,1.67e-05,4.59e-05
SIR-1S,16,beta_mu_0,0.473466211,0.480741161
SIR-1S,16,beta_sigma_0,0.001668066,0.007003402
SIR-1S,16,delta_beta_temporal_mu_0,-0.03918916,-0.005212124
SIR-1S,16,delta_beta_temporal_mu_1,-0.00160118,-0.000298217
SIR-1S,16,delta_beta_temporal_mu_2,0.03895002,0.083803549
SIR-1S,16,delta_beta_temporal_mu_3,0.059820829,0.124085542
SIR-1S,16,delta_beta_temporal_mu_4,0.093365329,0.1771569
SIR-1S,16,delta_beta_temporal_mu_5,-0.157365731,-0.141879324
SIR-1S,16,delta_beta_temporal_mu_6,-0.060474431,-0.032271972
SIR-1S,16,delta_beta_temporal_mu_7,0.054952684,0.050981378
SIR-1S,16,delta_beta_temporal_mu_8,0.063138368,0.051055875
SIR-1S,16,delta_beta_temporal_mu_9,0.069807038,0.057914943
SIR-1S,16,delta_beta_temporal_mu_10,0.029273578,0.007078885
SIR-1S,16,delta_beta_temporal_mu_11,-0.013710787,-0.022829896
SIR-1S,16,delta_beta_temporal_sigma_0,0.014974028,0.038817314
SIR-1S,16,delta_beta_temporal_sigma_1,0.01167884,0.037035304
SIR-1S,16,delta_beta_temporal_sigma_2,0.014278447,0.047928515
SIR-1S,16,delta_beta_temporal_sigma_3,0.034047699,0.049939738
SIR-1S,16,delta_beta_temporal_sigma_4,0.002681262,0.013472683
SIR-1S,16,delta_beta_temporal_sigma_5,0.059027593,0.06041669
SIR-1S,16,delta_beta_temporal_sigma_6,0.027648116,0.053598982
SIR-1S,16,delta_beta_temporal_sigma_7,0.034593983,0.07037567
SIR-1S,16,delta_beta_temporal_sigma_8,0.041999249,0.049625635
SIR-1S,16,delta_beta_temporal_sigma_9,0.02524774,0.052845203
SIR-1S,16,delta_beta_temporal_sigma_10,0.020822363,0.040080793
SIR-1S,16,delta_beta_temporal_sigma_11,0.005554253,0.018603588
SIR-1S,17,rho_h_s_0,0.553156764,0.49938432
SIR-1S,17,rho_h_scale_0,0.004810416,0.006088118
SIR-1S,17,f_R_mu_0,0.291957277,0.343955039
SIR-1S,17,f_R_sigma_0,0.023172383,0.037892299
SIR-1S,17,f_I_s_0,1.750144142,0.898064758
SIR-1S,17,f_I_scale_0,1.57e-05,4.56e-05
SIR-1S,17,beta_mu_0,0.470031093,0.471880441
SIR-1S,17,beta_sigma_0,0.00108043,0.006300058
SIR-1S,17,delta_beta_temporal_mu_0,-0.030334515,-0.013358004
SIR-1S,17,delta_beta_temporal_mu_1,0.009381791,0.046919986
SIR-1S,17,delta_beta_temporal_mu_2,0.028793155,0.06894063
SIR-1S,17,delta_beta_temporal_mu_3,0.039089753,0.068185429
SIR-1S,17,delta_beta_temporal_mu_4,0.176102168,0.220065403
SIR-1S,17,delta_beta_temporal_mu_5,-0.107050297,-0.079386304
SIR-1S,17,delta_beta_temporal_mu_6,-0.031467798,0.005110326
SIR-1S,17,delta_beta_temporal_mu_7,0.030743986,0.066730096
SIR-1S,17,delta_beta_temporal_mu_8,0.042707473,0.060913073
SIR-1S,17,delta_beta_temporal_mu_9,0.00912883,0.032797144
SIR-1S,17,delta_beta_temporal_mu_10,0.017024677,0.030961925
SIR-1S,17,delta_beta_temporal_mu_11,0.037956483,0.094150237
SIR-1S,17,delta_beta_temporal_sigma_0,0.034640688,0.040948046
SIR-1S,17,delta_beta_temporal_sigma_1,0.02764071,0.050833817
SIR-1S,17,delta_beta_temporal_sigma_2,0.05452671,0.061319323
SIR-1S,17,delta_beta_temporal_sigma_3,0.012558347,0.035024716
SIR-1S,17,delta_beta_temporal_sigma_4,0.037112466,0.059074336
SIR-1S,17,delta_beta_temporal_sigma_5,0.023210147,0.036709295
SIR-1S,17,delta_beta_temporal_sigma_6,0.01909025,0.053379887
SIR-1S,17,delta_beta_temporal_sigma_7,0.004700009,0.02137246
SIR-1S,17,delta_beta_temporal_sigma_8,0.118018032,0.121360519
SIR-1S,17,delta_beta_temporal_sigma_9,0.078185134,0.0831026
SIR-1S,17,delta_beta_temporal_sigma_10,0.079662137,0.093326915
SIR-1S,17,delta_beta_temporal_sigma_11,0.0941638,0.091314138
SIR-1S,18,rho_h_s_0,0.211498462,0.248403466
SIR-1S,18,rho_h_scale_0,0.006170026,0.007061974
SIR-1S,18,f_R_mu_0,0.266823698,0.330450514
SIR-1S,18,f_R_sigma_0,0.027994186,0.03916732
SIR-1S,18,f_I_s_0,1.308697916,0.62393162
SIR-1S,18,f_I_scale_0,1.11e-05,2.67e-05
SIR-1S,18,beta_mu_0,0.464261253,0.478244016
SIR-1S,18,beta_sigma_0,0.00480504,0.012923124
SIR-1S,18,delta_beta_temporal_mu_0,-0.032666555,-0.033675259
SIR-1S,18,delta_beta_temporal_mu_1,-0.012982631,-0.000561238
SIR-1S,18,delta_beta_temporal_mu_2,-0.03530934,-0.010469714
SIR-1S,18,delta_beta_temporal_mu_3,0.031018775,0.024526678
SIR-1S,18,delta_beta_temporal_mu_4,0.135715099,0.151211618
SIR-1S,18,delta_beta_temporal_mu_5,-0.142167092,-0.114339468
SIR-1S,18,delta_beta_temporal_mu_6,0.006171188,0.021580573
SIR-1S,18,delta_beta_temporal_mu_7,0.091381328,0.11064464
SIR-1S,18,delta_beta_temporal_mu_8,0.030870628,0.033576928
SIR-1S,18,delta_beta_temporal_mu_9,0.039701953,0.051859069
SIR-1S,18,delta_beta_temporal_mu_10,-0.013055973,-0.012424217
SIR-1S,18,delta_beta_temporal_mu_11,0.022021711,0.047733572
SIR-1S,18,delta_beta_temporal_sigma_0,0.007165975,0.031698631
SIR-1S,18,delta_beta_temporal_sigma_1,0.025749068,0.047245405
SIR-1S,18,delta_beta_temporal_sigma_2,0.027709929,0.046711801
SIR-1S,18,delta_beta_temporal_sigma_3,0.018329137,0.034911629
SIR-1S,18,delta_beta_temporal_sigma_4,0.039260798,0.067204946
SIR-1S,18,delta_beta_temporal_sigma_5,0.064780364,0.068288651
SIR-1S,18,delta_beta_temporal_sigma_6,0.020559354,0.043356591
SIR-1S,18,delta_beta_temporal_sigma_7,0.012837386,0.04574406
SIR-1S,18,delta_beta_temporal_sigma_8,0.04188163,0.040078734
SIR-1S,18,delta_beta_temporal_sigma_9,0.058438214,0.06619783
SIR-1S,18,delta_beta_temporal_sigma_10,0.046754685,0.047734111
SIR-1S,18,delta_beta_temporal_sigma_11,0.057732264,0.059162961
SIR-1S,19,rho_h_s_0,0.201970626,0.220295966
SIR-1S,19,rho_h_scale_0,0.003928021,0.004711707
SIR-1S,19,f_R_mu_0,0.295659368,0.339853479
SIR-1S,19,f_R_sigma_0,0.012256191,0.037340602
SIR-1S,19,f_I_s_0,1.3097737,0.571767004
SIR-1S,19,f_I_scale_0,9.04e-06,2.63e-05
SIR-1S,19,beta_mu_0,0.481125191,0.487267648
SIR-1S,19,beta_sigma_0,0.002654574,0.014282876
SIR-1S,19,delta_beta_temporal_mu_0,-0.028203407,-0.024492652
SIR-1S,19,delta_beta_temporal_mu_1,-0.02551649,0.000914726
SIR-1S,19,delta_beta_temporal_mu_2,0.009878082,0.030512664
SIR-1S,19,delta_beta_temporal_mu_3,0.009475738,0.001655567
SIR-1S,19,delta_beta_temporal_mu_4,0.063445967,0.087496248
SIR-1S,19,delta_beta_temporal_mu_5,-0.038672201,-0.034880199
SIR-1S,19,delta_beta_temporal_mu_6,-0.015441935,0.013160797
SIR-1S,19,delta_beta_temporal_mu_7,0.067888832,0.076462254
SIR-1S,19,delta_beta_temporal_mu_8,0.076332021,0.072815959
SIR-1S,19,delta_beta_temporal_mu_9,0.073240184,0.063981203
SIR-1S,19,delta_beta_temporal_mu_10,0.000401353,0.000239911
SIR-1S,19,delta_beta_temporal_mu_11,0.03846699,0.007910416
SIR-1S,19,delta_beta_temporal_sigma_0,0.001329087,0.012183588
SIR-1S,19,delta_beta_temporal_sigma_1,0.023896389,0.061373521
SIR-1S,19,delta_beta_temporal_sigma_2,0.027410377,0.068172721
SIR-1S,19,delta_beta_temporal_sigma_3,0.002013764,0.017159001
SIR-1S,19,delta_beta_temporal_sigma_4,0.052574626,0.076661351
SIR-1S,19,delta_beta_temporal_sigma_5,0.036757372,0.058683756
SIR-1S,19,delta_beta_temporal_sigma_6,0.021559422,0.064902054
SIR-1S,19,delta_beta_temporal_sigma_7,0.023037656,0.049745526
SIR-1S,19,delta_beta_temporal_sigma_8,0.05505096,0.065744389
SIR-1S,19,delta_beta_temporal_sigma_9,0.0052047,0.02746503
SIR-1S,19,delta_beta_temporal_sigma_10,0.044391325,0.056133907
SIR-1S,19,delta_beta_temporal_sigma_11,0.0334322,0.058778059
SIR-1S,20,rho_h_s_0,0.270585274,0.227535992
SIR-1S,20,rho_h_scale_0,0.004483557,0.006027031
SIR-1S,20,f_R_mu_0,0.302769446,0.343856097
SIR-1S,20,f_R_sigma_0,0.021353848,0.041848246
SIR-1S,20,f_I_s_0,1.276746591,0.544824951
SIR-1S,20,f_I_scale_0,1.96e-05,6.06e-05
SIR-1S,20,beta_mu_0,0.474545953,0.472552659
SIR-1S,20,beta_sigma_0,0.000223396,0.0025668
SIR-1S,20,delta_beta_temporal_mu_0,-0.039514264,-0.01312227
SIR-1S,20,delta_beta_temporal_mu_1,-0.010007165,0.03113299
SIR-1S,20,delta_beta_temporal_mu_2,0.010115072,0.01095747
SIR-1S,20,delta_beta_temporal_mu_3,0.041242397,0.057185462
SIR-1S,20,delta_beta_temporal_mu_4,0.083927661,0.131248369
SIR-1S,20,delta_beta_temporal_mu_5,-0.079962489,-0.044770256
SIR-1S,20,delta_beta_temporal_mu_6,-0.023427417,-0.011868793
SIR-1S,20,delta_beta_temporal_mu_7,0.129716627,0.166096546
SIR-1S,20,delta_beta_temporal_mu_8,-0.001731112,-0.007186247
SIR-1S,20,delta_beta_temporal_mu_9,0.067519665,0.061899373
SIR-1S,20,delta_beta_temporal_mu_10,0.012968652,0.019016898
SIR-1S,20,delta_beta_temporal_mu_11,0.002935822,0.004240763
SIR-1S,20,delta_beta_temporal_sigma_0,0.010122388,0.050147516
SIR-1S,20,delta_beta_temporal_sigma_1,0.015249308,0.042544524
SIR-1S,20,delta_beta_temporal_sigma_2,0.016487179,0.056222749
SIR-1S,20,delta_beta_temporal_sigma_3,0.018837532,0.049665425
SIR-1S,20,delta_beta_temporal_sigma_4,0.029168671,0.064090789
SIR-1S,20,delta_beta_temporal_sigma_5,0.044277614,0.049578165
SIR-1S,20,delta_beta_temporal_sigma_6,0.000547802,0.004138679
SIR-1S,20,delta_beta_temporal_sigma_7,0.031257763,0.0712428
SIR-1S,20,delta_beta_temporal_sigma_8,0.012326251,0.050395813
SIR-1S,20,delta_beta_temporal_sigma_9,0.02543646,0.046551441
SIR-1S,20,delta_beta_temporal_sigma_10,0.027611288,0.052131267
SIR-1S,20,delta_beta_temporal_sigma_11,0.010148396,0.035835221
SIR-1S,21,rho_h_s_0,0.310725798,0.302881696
SIR-1S,21,rho_h_scale_0,0.005961184,0.008104391
SIR-1S,21,f_R_mu_0,0.285283818,0.34763382
SIR-1S,21,f_R_sigma_0,0.020162495,0.037583233
SIR-1S,21,f_I_s_0,1.698924407,0.794343174
SIR-1S,21,f_I_scale_0,1.89e-05,5.61e-05
SIR-1S,21,beta_mu_0,0.468591827,0.480185178
SIR-1S,21,beta_sigma_0,0.004200769,0.014284853
SIR-1S,21,delta_beta_temporal_mu_0,-0.065701873,-0.007669466
SIR-1S,21,delta_beta_temporal_mu_1,-0.050860099,-0.010574212
SIR-1S,21,delta_beta_temporal_mu_2,-0.016696855,0.010506565
SIR-1S,21,delta_beta_temporal_mu_3,0.0300214,0.044122637
SIR-1S,21,delta_beta_temporal_mu_4,0.193043144,0.280809043
SIR-1S,21,delta_beta_temporal_mu_5,-0.113428034,-0.069168193
SIR-1S,21,delta_beta_temporal_mu_6,-0.034349012,-0.001458047
SIR-1S,21,delta_beta_temporal_mu_7,0.136637765,0.164550691
SIR-1S,21,delta_beta_temporal_mu_8,0.033504611,0.047131781
SIR-1S,21,delta_beta_temporal_mu_9,0.048838825,0.050320214
SIR-1S,21,delta_beta_temporal_mu_10,0.070686648,0.084114242
SIR-1S,21,delta_beta_temporal_mu_11,0.01756122,0.008898497
SIR-1S,21,delta_beta_temporal_sigma_0,0.012010603,0.040918108
SIR-1S,21,delta_beta_temporal_sigma_1,0.008821758,0.034427916
SIR-1S,21,delta_beta_temporal_sigma_2,0.013952842,0.036239856
SIR-1S,21,delta_beta_temporal_sigma_3,0.005174841,0.021937264
SIR-1S,21,delta_beta_temporal_sigma_4,0.026471879,0.052731594
SIR-1S,21,delta_beta_temporal_sigma_5,0.078958385,0.073638011
SIR-1S,21,delta_beta_temporal_sigma_6,0.012717167,0.027911616
SIR-1S,21,delta_beta_temporal_sigma_7,0.043695109,0.059085969
SIR-1S,21,delta_beta_temporal_sigma_8,0.074718155,0.068463254
SIR-1S,21,delta_beta_temporal_sigma_9,0.0228015,0.055860566
SIR-1S,21,delta_beta_temporal_sigma_10,0.022155163,0.046470141
SIR-1S,21,delta_beta_temporal_sigma_11,0.043411758,0.048684666
SIR-1S,22,rho_h_s_0,0.348706494,0.307063736
SIR-1S,22,rho_h_scale_0,0.006009016,0.009295478
SIR-1S,22,f_R_mu_0,0.287883842,0.337869711
SIR-1S,22,f_R_sigma_0,0.018886249,0.029684622
SIR-1S,22,f_I_s_0,1.207927345,0.581979152
SIR-1S,22,f_I_scale_0,4.55e-05,9.4e-05
SIR-1S,22,beta_mu_0,0.467187219,0.470939713
SIR-1S,22,beta_sigma_0,0.002116277,0.011075546
SIR-1S,22,delta_beta_temporal_mu_0,-0.002506486,-0.000533989
SIR-1S,22,delta_beta_temporal_mu_1,0.015964712,0.052555393
SIR-1S,22,delta_beta_temporal_mu_2,-0.018904719,0.011464401
SIR-1S,22,delta_beta_temporal_mu_3,0.017380101,0.032042494
SIR-1S,22,delta_beta_temporal_mu_4,0.109088527,0.153661038
SIR-1S,22,delta_beta_temporal_mu_5,-0.108814864,-0.117558072
SIR-1S,22,delta_beta_temporal_mu_6,-0.040311395,-0.018045312
SIR-1S,22,delta_beta_temporal_mu_7,-0.015282263,-0.024040118
SIR-1S,22,delta_beta_temporal_mu_8,0.023916345,0.020647498
SIR-1S,22,delta_beta_temporal_mu_9,0.050002365,0.018745735
SIR-1S,22,delta_beta_temporal_mu_10,0.000269575,0.000897019
SIR-1S,22,delta_beta_temporal_mu_11,0.005653892,-0.02270706
SIR-1S,22,delta_beta_temporal_sigma_0,0.025195467,0.041791828
SIR-1S,22,delta_beta_temporal_sigma_1,0.005220331,0.023696276
SIR-1S,22,delta_beta_temporal_sigma_2,0.033212753,0.053025821
SIR-1S,22,delta_beta_temporal_sigma_3,0.004769155,0.027469796
SIR-1S,22,delta_beta_temporal_sigma_4,0.023251076,0.038334634
SIR-1S,22,delta_beta_temporal_sigma_5,0.045526894,0.046247235
SIR-1S,22,delta_beta_temporal_sigma_6,0.04408814,0.07423308
SIR-1S,22,delta_beta_temporal_sigma_7,0.038723166,0.039456956
SIR-1S,22,delta_beta_temporal_sigma_8,0.040004176,0.039706709
SIR-1S,22,delta_beta_temporal_sigma_9,0.03466679,0.06162688
SIR-1S,22,delta_beta_temporal_sigma_10,0.063312482,0.048903344
SIR-1S,22,delta_beta_temporal_sigma_11,0.049289721,0.058525209
SIR-1S,23,rho_h_s_0,0.237580546,0.219426813
SIR-1S,23,rho_h_scale_0,0.004613949,0.007986899
SIR-1S,23,f_R_mu_0,0.291256736,0.350743926
SIR-1S,23,f_R_sigma_0,0.014977241,0.041824931
SIR-1S,23,f_I_s_0,1.451500895,0.533013351
SIR-1S,23,f_I_scale_0,1.16e-05,4.96e-05
SIR-1S,23,beta_mu_0,0.472945291,0.466243423
SIR-1S,23,beta_sigma_0,0.004231133,0.021092209
SIR-1S,23,delta_beta_temporal_mu_0,-0.035125373,-0.016569094
SIR-1S,23,delta_beta_temporal_mu_1,-0.032176173,0.011731125
SIR-1S,23,delta_beta_temporal_mu_2,-0.012203491,0.002197526
SIR-1S,23,delta_beta_temporal_mu_3,0.003849692,0.000851564
SIR-1S,23,delta_beta_temporal_mu_4,0.06532354,0.18762827
SIR-1S,23,delta_beta_temporal_mu_5,0.001905985,0.000957008
SIR-1S,23,delta_beta_temporal_mu_6,-0.031011645,-0.000114114
SIR-1S,23,delta_beta_temporal_mu_7,0.087843328,0.130774622
SIR-1S,23,delta_beta_temporal_mu_8,0.036824829,0.022357742
SIR-1S,23,delta_beta_temporal_mu_9,0.000662969,-0.003101029
SIR-1S,23,delta_beta_temporal_mu_10,0.011973823,-0.00279329
SIR-1S,23,delta_beta_temporal_mu_11,0.04461129,0.029733334
SIR-1S,23,delta_beta_temporal_sigma_0,0.006214051,0.040107385
SIR-1S,23,delta_beta_temporal_sigma_1,0.00640287,0.048444957
SIR-1S,23,delta_beta_temporal_sigma_2,0.016889154,0.056022351
SIR-1S,23,delta_beta_temporal_sigma_3,0.006131909,0.029922949
SIR-1S,23,delta_beta_temporal_sigma_4,0.020784461,0.066859041
SIR-1S,23,delta_beta_temporal_sigma_5,0.012109041,0.046251054
SIR-1S,23,delta_beta_temporal_sigma_6,0.021055299,0.049250261
SIR-1S,23,delta_beta_temporal_sigma_7,0.003827504,0.028370972
SIR-1S,23,delta_beta_temporal_sigma_8,0.008705796,0.049528735
SIR-1S,23,delta_beta_temporal_sigma_9,0.007075132,0.036408054
SIR-1S,23,delta_beta_temporal_sigma_10,0.001665542,0.019603019
SIR-1S,23,delta_beta_temporal_sigma_11,0.007892425,0.038289818
SIR-1S,24,rho_h_s_0,0.448765774,0.435533078
SIR-1S,24,rho_h_scale_0,0.003887724,0.004782777
SIR-1S,24,f_R_mu_0,0.283642801,0.335181676
SIR-1S,24,f_R_sigma_0,0.012360882,0.020155226
SIR-1S,24,f_I_s_0,1.151292546,0.574341353
SIR-1S,24,f_I_scale_0,9.36e-06,2.67e-05
SIR-1S,24,beta_mu_0,0.471296269,0.482827245
SIR-1S,24,beta_sigma_0,0.000294987,0.003074322
SIR-1S,24,delta_beta_temporal_mu_0,-0.040470876,-0.018674187
SIR-1S,24,delta_beta_temporal_mu_1,-0.018934143,-0.001330541
SIR-1S,24,delta_beta_temporal_mu_2,-0.002672404,0.002352494
SIR-1S,24,delta_beta_temporal_mu_3,0.051469307,0.063406299
SIR-1S,24,delta_beta_temporal_mu_4,0.129795737,0.171740266
SIR-1S,24,delta_beta_temporal_mu_5,-0.064728121,-0.036052222
SIR-1S,24,delta_beta_temporal_mu_6,-0.053864759,-0.020168702
SIR-1S,24,delta_beta_temporal_mu_7,0.033448011,0.059441949
SIR-1S,24,delta_beta_temporal_mu_8,0.029213174,0.034453853
SIR-1S,24,delta_beta_temporal_mu_9,0.018882358,0.056470195
SIR-1S,24,delta_beta_temporal_mu_10,-0.003518115,-0.003766437
SIR-1S,24,delta_beta_temporal_mu_11,0.04061796,0.120911523
SIR-1S,24,delta_beta_temporal_sigma_0,0.006191603,0.042701108
SIR-1S,24,delta_beta_temporal_sigma_1,0.001351759,0.008145285
SIR-1S,24,delta_beta_temporal_sigma_2,0.01629586,0.037323777
SIR-1S,24,delta_beta_temporal_sigma_3,0.010829287,0.049701062
SIR-1S,24,delta_beta_temporal_sigma_4,0.004551062,0.031313863
SIR-1S,24,delta_beta_temporal_sigma_5,0.011081114,0.041765103
SIR-1S,24,delta_beta_temporal_sigma_6,0.04967832,0.091718342
SIR-1S,24,delta_beta_temporal_sigma_7,0.059786774,0.091948828
SIR-1S,24,delta_beta_temporal_sigma_8,0.127339827,0.135512594
SIR-1S,24,delta_beta_temporal_sigma_9,0.085788918,0.095920186
SIR-1S,24,delta_beta_temporal_sigma_10,0.029977769,0.048391981
SIR-1S,24,delta_beta_temporal_sigma_11,0.01877648,0.05700794
SIR-1S,25,rho_h_s_0,0.20095261,0.156919394
SIR-1S,25,rho_h_scale_0,0.006616348,0.007964921
SIR-1S,25,f_R_mu_0,0.268765267,0.321441267
SIR-1S,25,f_R_sigma_0,0.000659005,0.008264749
SIR-1S,25,f_I_s_0,1.135042963,0.156878954
SIR-1S,25,f_I_scale_0,1.07e-05,3.38e-05
SIR-1S,25,beta_mu_0,0.458235613,0.478141161
SIR-1S,25,beta_sigma_0,0.008127056,0.019509644
SIR-1S,25,delta_beta_temporal_mu_0,-0.031130688,-0.003382253
SIR-1S,25,delta_beta_temporal_mu_1,-0.023419705,-0.02828862
SIR-1S,25,delta_beta_temporal_mu_2,0.022240305,0.049745634
SIR-1S,25,delta_beta_temporal_mu_3,0.009104559,0.009135508
SIR-1S,25,delta_beta_temporal_mu_4,0.089595387,0.13064442
SIR-1S,25,delta_beta_temporal_mu_5,-0.025440715,-0.02834235
SIR-1S,25,delta_beta_temporal_mu_6,-0.035000552,-0.016193676
SIR-1S,25,delta_beta_temporal_mu_7,0.046992362,0.05974059
SIR-1S,25,delta_beta_temporal_mu_8,0.034086362,0.036076672
SIR-1S,25,delta_beta_temporal_mu_9,-0.029993199,-0.022802467
SIR-1S,25,delta_beta_temporal_mu_10,-0.018312963,-0.015485185
SIR-1S,25,delta_beta_temporal_mu_11,0.059674476,0.046950887
SIR-1S,25,delta_beta_temporal_sigma_0,0.00769986,0.035552418
SIR-1S,25,delta_beta_temporal_sigma_1,0.020072756,0.045968143
SIR-1S,25,delta_beta_temporal_sigma_2,0.008938292,0.041333947
SIR-1S,25,delta_beta_temporal_sigma_3,0.040137505,0.058992257
SIR-1S,25,delta_beta_temporal_sigma_4,0.033882068,0.05949966
SIR-1S,25,delta_beta_temporal_sigma_5,0.030537542,0.045178888
SIR-1S,25,delta_beta_temporal_sigma_6,0.060287214,0.09263122
SIR-1S,25,delta_beta_temporal_sigma_7,0.013114001,0.03284011
SIR-1S,25,delta_beta_temporal_sigma_8,0.05076698,0.054019161
SIR-1S,25,delta_beta_temporal_sigma_9,0.058500128,0.071513337
SIR-1S,25,delta_beta_temporal_sigma_10,0.054600049,0.051750358
SIR-1S,25,delta_beta_temporal_sigma_11,0.039950774,0.050069516
SIR-1S,26,rho_h_s_0,0.261357925,0.253892244
SIR-1S,26,rho_h_scale_0,0.006151755,0.007273066
SIR-1S,26,f_R_mu_0,0.277661847,0.32617722
SIR-1S,26,f_R_sigma_0,0.005950292,0.016259753
SIR-1S,26,f_I_s_0,0.666691939,0.293411923
SIR-1S,26,f_I_scale_0,1.78e-05,3.52e-05
SIR-1S,26,beta_mu_0,0.457366727,0.473647189
SIR-1S,26,beta_sigma_0,0.002641197,0.0084074
SIR-1S,26,delta_beta_temporal_mu_0,-0.073994423,-0.081481276
SIR-1S,26,delta_beta_temporal_mu_1,0.016144852,0.040172365
SIR-1S,26,delta_beta_temporal_mu_2,0.017262536,0.03873999
SIR-1S,26,delta_beta_temporal_mu_3,0.028479142,0.037202251
SIR-1S,26,delta_beta_temporal_mu_4,0.103730748,0.143361878
SIR-1S,26,delta_beta_temporal_mu_5,-0.100318408,-0.075470497
SIR-1S,26,delta_beta_temporal_mu_6,-0.019466527,0.002679694
SIR-1S,26,delta_beta_temporal_mu_7,0.085313216,0.098032339
SIR-1S,26,delta_beta_temporal_mu_8,0.085272778,0.07939418
SIR-1S,26,delta_beta_temporal_mu_9,-0.031726218,-0.019923037
SIR-1S,26,delta_beta_temporal_mu_10,0.056412074,0.055798786
SIR-1S,26,delta_beta_temporal_mu_11,-0.004907177,0.007556183
SIR-1S,26,delta_beta_temporal_sigma_0,0.014409222,0.047961048
SIR-1S,26,delta_beta_temporal_sigma_1,0.021327752,0.037721062
SIR-1S,26,delta_beta_temporal_sigma_2,0.030618005,0.040392442
SIR-1S,26,delta_beta_temporal_sigma_3,0.00698214,0.021221095
SIR-1S,26,delta_beta_temporal_sigma_4,0.002372639,0.009152043
SIR-1S,26,delta_beta_temporal_sigma_5,0.025815199,0.059732709
SIR-1S,26,delta_beta_temporal_sigma_6,0.036317281,0.059968505
SIR-1S,26,delta_beta_temporal_sigma_7,0.026259074,0.038819612
SIR-1S,26,delta_beta_temporal_sigma_8,0.066293182,0.090015125
SIR-1S,26,delta_beta_temporal_sigma_9,0.048394149,0.053248782
SIR-1S,26,delta_beta_temporal_sigma_10,0.042650974,0.048857186
SIR-1S,26,delta_beta_temporal_sigma_11,0.110463551,0.088853665
SIR-1S,27,rho_h_s_0,0.450067328,0.420695815
SIR-1S,27,rho_h_scale_0,0.003927497,0.004911786
SIR-1S,27,f_R_mu_0,0.286764484,0.331709359
SIR-1S,27,f_R_sigma_0,0.021066924,0.029323412
SIR-1S,27,f_I_s_0,0.173484451,0.178980475
SIR-1S,27,f_I_scale_0,2.09e-05,4.12e-05
SIR-1S,27,beta_mu_0,0.473456333,0.479957505
SIR-1S,27,beta_sigma_0,0.001254046,0.006027233
SIR-1S,27,delta_beta_temporal_mu_0,-0.105851997,-0.051167072
SIR-1S,27,delta_beta_temporal_mu_1,-0.074950924,-0.023485756
SIR-1S,27,delta_beta_temporal_mu_2,-0.035419658,-0.002818829
SIR-1S,27,delta_beta_temporal_mu_3,0.062594775,0.08599787
SIR-1S,27,delta_beta_temporal_mu_4,0.165134999,0.187041929
SIR-1S,27,delta_beta_temporal_mu_5,-0.056385995,-0.022574984
SIR-1S,27,delta_beta_temporal_mu_6,-0.035423197,0.001158505
SIR-1S,27,delta_beta_temporal_mu_7,-0.000404405,0.000950428
SIR-1S,27,delta_beta_temporal_mu_8,0.014234827,0.038696736
SIR-1S,27,delta_beta_temporal_mu_9,0.056995249,0.084101493
SIR-1S,27,delta_beta_temporal_mu_10,0.062993076,0.080383148
SIR-1S,27,delta_beta_temporal_mu_11,0.031894884,0.036999871
SIR-1S,27,delta_beta_temporal_sigma_0,0.086573829,0.085340753
SIR-1S,27,delta_beta_temporal_sigma_1,0.078682947,0.065537465
SIR-1S,27,delta_beta_temporal_sigma_2,0.043166516,0.052664625
SIR-1S,27,delta_beta_temporal_sigma_3,0.002299441,0.013415972
SIR-1S,27,delta_beta_temporal_sigma_4,0.081715149,0.12053495
SIR-1S,27,delta_beta_temporal_sigma_5,0.015731274,0.062082563
SIR-1S,27,delta_beta_temporal_sigma_6,0.019044592,0.044444949
SIR-1S,27,delta_beta_temporal_sigma_7,0.044904396,0.052402256
SIR-1S,27,delta_beta_temporal_sigma_8,0.047887191,0.057184349
SIR-1S,27,delta_beta_temporal_sigma_9,0.029511668,0.051887148
SIR-1S,27,delta_beta_temporal_sigma_10,0.018786933,0.04761318
SIR-1S,27,delta_beta_temporal_sigma_11,0.013769659,0.038465307
SIR-1S,28,rho_h_s_0,0.073928573,0.119704749
SIR-1S,28,rho_h_scale_0,0.006663353,0.010881922
SIR-1S,28,f_R_mu_0,0.298194092,0.352974565
SIR-1S,28,f_R_sigma_0,0.009341686,0.019486959
SIR-1S,28,f_I_s_0,0.856693411,0.308873536
SIR-1S,28,f_I_scale_0,8.88e-05,0.000164244
SIR-1S,28,beta_mu_0,0.459670432,0.465960674
SIR-1S,28,beta_sigma_0,0.001552411,0.009103506
SIR-1S,28,delta_beta_temporal_mu_0,-0.070439404,-0.02112189
SIR-1S,28,delta_beta_temporal_mu_1,-0.003754739,0.00251969
SIR-1S,28,delta_beta_temporal_mu_2,-0.001593302,0.003042069
SIR-1S,28,delta_beta_temporal_mu_3,0.035175342,0.047402151
SIR-1S,28,delta_beta_temporal_mu_4,0.173002584,0.260337476
SIR-1S,28,delta_beta_temporal_mu_5,-0.06042529,-0.055340387
SIR-1S,28,delta_beta_temporal_mu_6,0.031767216,0.027827809
SIR-1S,28,delta_beta_temporal_mu_7,-0.016643651,-0.01010178
SIR-1S,28,delta_beta_temporal_mu_8,-0.043097986,-0.071250047
SIR-1S,28,delta_beta_temporal_mu_9,0.080920767,0.078269628
SIR-1S,28,delta_beta_temporal_mu_10,0.003770999,-0.007550987
SIR-1S,28,delta_beta_temporal_mu_11,0.045789409,0.028392908
SIR-1S,28,delta_beta_temporal_sigma_0,0.022033666,0.050445554
SIR-1S,28,delta_beta_temporal_sigma_1,0.003269982,0.010728676
SIR-1S,28,delta_beta_temporal_sigma_2,0.021171646,0.05151106
SIR-1S,28,delta_beta_temporal_sigma_3,0.01129951,0.035512188
SIR-1S,28,delta_beta_temporal_sigma_4,0.011241315,0.043840333
SIR-1S,28,delta_beta_temporal_sigma_5,0.017471582,0.041717879
SIR-1S,28,delta_beta_temporal_sigma_6,0.097441229,0.145144326
SIR-1S,28,delta_beta_temporal_sigma_7,0.019717591,0.043215425
SIR-1S,28,delta_beta_temporal_sigma_8,0.05837151,0.049098895
SIR-1S,28,delta_beta_temporal_sigma_9,0.021064114,0.053803186
SIR-1S,28,delta_beta_temporal_sigma_10,0.071638874,0.066027951
SIR-1S,28,delta_beta_temporal_sigma_11,0.019038841,0.052531809
SIR-1S,29,rho_h_s_0,0.320811889,0.346155109
SIR-1S,29,rho_h_scale_0,0.006640978,0.008770842
SIR-1S,29,f_R_mu_0,0.269236679,0.334688137
SIR-1S,29,f_R_sigma_0,0.02583124,0.03078879
SIR-1S,29,f_I_s_0,1.564228445,0.727059993
SIR-1S,29,f_I_scale_0,1.48e-05,4.38e-05
SIR-1S,29,beta_mu_0,0.461418662,0.473288986
SIR-1S,29,beta_sigma_0,0.000205836,0.001440058
SIR-1S,29,delta_beta_temporal_mu_0,-0.060294337,-0.071147697
SIR-1S,29,delta_beta_temporal_mu_1,-0.016586947,0.021597279
SIR-1S,29,delta_beta_temporal_mu_2,-0.026197195,0.019839783
SIR-1S,29,delta_beta_temporal_mu_3,0.020088142,0.025759155
SIR-1S,29,delta_beta_temporal_mu_4,0.159742747,0.207297866
SIR-1S,29,delta_beta_temporal_mu_5,-0.120178218,-0.08770075
SIR-1S,29,delta_beta_temporal_mu_6,-0.053012632,-0.018442754
SIR-1S,29,delta_beta_temporal_mu_7,0.082949424,0.106188797
SIR-1S,29,delta_beta_temporal_mu_8,0.038052997,0.048864992
SIR-1S,29,delta_beta_temporal_mu_9,-0.028525141,-0.022471937
SIR-1S,29,delta_beta_temporal_mu_10,-0.044521,-0.034104904
SIR-1S,29,delta_beta_temporal_mu_11,0.015829722,0.026904512
SIR-1S,29,delta_beta_temporal_sigma_0,0.02294582,0.053808461
SIR-1S,29,delta_beta_temporal_sigma_1,0.006760043,0.032448078
SIR-1S,29,delta_beta_temporal_sigma_2,0.045525611,0.05644131
SIR-1S,29,delta_beta_temporal_sigma_3,0.024817177,0.037607949
SIR-1S,29,delta_beta_temporal_sigma_4,0.062125034,0.09739359
SIR-1S,29,delta_beta_temporal_sigma_5,0.058474199,0.047956135
SIR-1S,29,delta_beta_temporal_sigma_6,0.010755483,0.033673394
SIR-1S,29,delta_beta_temporal_sigma_7,0.0139997,0.054762964
SIR-1S,29,delta_beta_temporal_sigma_8,0.102545264,0.100677362
SIR-1S,29,delta_beta_temporal_sigma_9,0.082164555,0.078661702
SIR-1S,29,delta_beta_temporal_sigma_10,0.05736198,0.056984544
SIR-1S,29,delta_beta_temporal_sigma_11,0.050631071,0.048586586
SIR-1S,30,rho_h_s_0,0.139280565,0.146302128
SIR-1S,30,rho_h_scale_0,0.0051473,0.007458789
SIR-1S,30,f_R_mu_0,0.283865526,0.342433867
SIR-1S,30,f_R_sigma_0,0.005128306,0.021061966
SIR-1S,30,f_I_s_0,0.508071688,0.163122846
SIR-1S,30,f_I_scale_0,1.03e-05,3.23e-05
SIR-1S,30,beta_mu_0,0.474024854,0.481189913
SIR-1S,30,beta_sigma_0,0.002559731,0.014431796
SIR-1S,30,delta_beta_temporal_mu_0,-0.048445875,-0.040335889
SIR-1S,30,delta_beta_temporal_mu_1,-0.028024526,0.016567725
SIR-1S,30,delta_beta_temporal_mu_2,-0.004022969,-0.010023138
SIR-1S,30,delta_beta_temporal_mu_3,0.041551966,0.045269156
SIR-1S,30,delta_beta_temporal_mu_4,0.086021972,0.183954438
SIR-1S,30,delta_beta_temporal_mu_5,-0.02863032,-0.030059062
SIR-1S,30,delta_beta_temporal_mu_6,-0.015651659,-0.001897119
SIR-1S,30,delta_beta_temporal_mu_7,0.018687695,0.022539878
SIR-1S,30,delta_beta_temporal_mu_8,0.037798541,0.009453694
SIR-1S,30,delta_beta_temporal_mu_9,0.07662965,0.074983041
SIR-1S,30,delta_beta_temporal_mu_10,0.030590815,0.009753397
SIR-1S,30,delta_beta_temporal_mu_11,0.006943381,0.000790467
SIR-1S,30,delta_beta_temporal_sigma_0,8.8e-05,0.000873918
SIR-1S,30,delta_beta_temporal_sigma_1,0.003579643,0.029266866
SIR-1S,30,delta_beta_temporal_sigma_2,0.015575568,0.055812709
SIR-1S,30,delta_beta_temporal_sigma_3,0.021036672,0.053115277
SIR-1S,30,delta_beta_temporal_sigma_4,0.011413697,0.042042045
SIR-1S,30,delta_beta_temporal_sigma_5,0.002327186,0.023020092
SIR-1S,30,delta_beta_temporal_sigma_6,0.007357885,0.03631797
SIR-1S,30,delta_beta_temporal_sigma_7,0.049152497,0.106608986
SIR-1S,30,delta_beta_temporal_sigma_8,0.054312475,0.100213439
SIR-1S,30,delta_beta_temporal_sigma_9,0.018479452,0.05566024
SIR-1S,30,delta_beta_temporal_sigma_10,0.024327152,0.05768707
SIR-1S,30,delta_beta_temporal_sigma_11,0.008657176,0.034921697
SIR-1S,31,rho_h_s_0,0.261306339,0.253952855
SIR-1S,31,rho_h_scale_0,0.004030463,0.005328865
SIR-1S,31,f_R_mu_0,0.296358421,0.349410597
SIR-1S,31,f_R_sigma_0,0.020600479,0.03700826
SIR-1S,31,f_I_s_0,1.520851142,0.62160441
SIR-1S,31,f_I_scale_0,1.7e-05,7.21e-05
SIR-1S,31,beta_mu_0,0.475635663,0.477563515
SIR-1S,31,beta_sigma_0,0.004867158,0.018103442
SIR-1S,31,delta_beta_temporal_mu_0,-0.048344928,-0.004200628
SIR-1S,31,delta_beta_temporal_mu_1,-0.037406777,-0.057003742
SIR-1S,31,delta_beta_temporal_mu_2,-0.015675223,0.004113949
SIR-1S,31,delta_beta_temporal_mu_3,0.04392131,0.049289594
SIR-1S,31,delta_beta_temporal_mu_4,0.10525828,0.220904104
SIR-1S,31,delta_beta_temporal_mu_5,-0.070480534,-0.058173911
SIR-1S,31,delta_beta_temporal_mu_6,-0.014464243,0.022298178
SIR-1S,31,delta_beta_temporal_mu_7,0.074428914,0.091587789
SIR-1S,31,delta_beta_temporal_mu_8,0.085818696,0.108896029
SIR-1S,31,delta_beta_temporal_mu_9,0.031300662,0.026427303
SIR-1S,31,delta_beta_temporal_mu_10,0.025278021,0.013309779
SIR-1S,31,delta_beta_temporal_mu_11,0.026538561,0.027367074
SIR-1S,31,delta_beta_temporal_sigma_0,0.007068477,0.040753321
SIR-1S,31,delta_beta_temporal_sigma_1,0.001615454,0.016486623
SIR-1S,31,delta_beta_temporal_sigma_2,0.00780513,0.041162139
SIR-1S,31,delta_beta_temporal_sigma_3,0.00034802,0.002743026
SIR-1S,31,delta_beta_temporal_sigma_4,0.033924698,0.052493075
SIR-1S,31,delta_beta_temporal_sigma_5,0.029831553,0.056645138
SIR-1S,31,delta_beta_temporal_sigma_6,0.021536995,0.046309823
SIR-1S,31,delta_beta_temporal_sigma_7,0.03158565,0.07360565
SIR-1S,31,delta_beta_temporal_sigma_8,0.036114482,0.058687973
SIR-1S,31,delta_beta_temporal_sigma_9,0.039578269,0.058294821
SIR-1S,31,delta_beta_temporal_sigma_10,0.031106463,0.056888574
SIR-1S,31,delta_beta_temporal_sigma_11,0.020726914,0.052670661
SIR-1S,32,rho_h_s_0,0.292864284,0.301335935
SIR-1S,32,rho_h_scale_0,0.004097742,0.006274277
SIR-1S,32,f_R_mu_0,0.294074101,0.340811567
SIR-1S,32,f_R_sigma_0,0.011090211,0.025748218
SIR-1S,32,f_I_s_0,0.638286809,0.216046784
SIR-1S,32,f_I_scale_0,3.14e-05,6.38e-05
SIR-1S,32,beta_mu_0,0.470127605,0.474000235
SIR-1S,32,beta_sigma_0,0.000612525,0.004721192
SIR-1S,32,delta_beta_temporal_mu_0,-0.018972139,0.010779975
SIR-1S,32,delta_beta_temporal_mu_1,0.026974135,0.044279058
SIR-1S,32,delta_beta_temporal_mu_2,0.006787929,0.013043551
SIR-1S,32,delta_beta_temporal_mu_3,0.050660382,0.089999608
SIR-1S,32,delta_beta_temporal_mu_4,0.067912683,0.091558972
SIR-1S,32,delta_beta_temporal_mu_5,-0.084125692,-0.063884647
SIR-1S,32,delta_beta_temporal_mu_6,-0.101910498,-0.092240278
SIR-1S,32,delta_beta_temporal_mu_7,-0.000265652,-0.000501753
SIR-1S,32,delta_beta_temporal_mu_8,0.001423591,0.00030192
SIR-1S,32,delta_beta_temporal_mu_9,0.036096965,0.014814176
SIR-1S,32,delta_beta_temporal_mu_10,0.054052447,0.036394603
SIR-1S,32,delta_beta_temporal_mu_11,0.035887717,0.003427252
SIR-1S,32,delta_beta_temporal_sigma_0,0.010985019,0.038166722
SIR-1S,32,delta_beta_temporal_sigma_1,0.01416452,0.038188371
SIR-1S,32,delta_beta_temporal_sigma_2,0.018965792,0.030700723
SIR-1S,32,delta_beta_temporal_sigma_3,0.025365072,0.048384229
SIR-1S,32,delta_beta_temporal_sigma_4,0.012119003,0.059551957
SIR-1S,32,delta_beta_temporal_sigma_5,0.013822236,0.044019972
SIR-1S,32,delta_beta_temporal_sigma_6,0.011191143,0.040051196
SIR-1S,32,delta_beta_temporal_sigma_7,0.015978504,0.039348778
SIR-1S,32,delta_beta_temporal_sigma_8,0.064791442,0.051228251
SIR-1S,32,delta_beta_temporal_sigma_9,0.023075157,0.054684074
SIR-1S,32,delta_beta_temporal_sigma_10,0.009786509,0.042595576
SIR-1S,32,delta_beta_temporal_sigma_11,0.015516543,0.051091975
SIR-1S,33,rho_h_s_0,0.386219758,0.274692057
SIR-1S,33,rho_h_scale_0,0.003845722,0.00656051
SIR-1S,33,f_R_mu_0,0.291705132,0.354601884
SIR-1S,33,f_R_sigma_0,0.018684384,0.039472274
SIR-1S,33,f_I_s_0,0.867300528,0.233769924
SIR-1S,33,f_I_scale_0,2.36e-05,9.04e-05
SIR-1S,33,beta_mu_0,0.46798455,0.471551303
SIR-1S,33,beta_sigma_0,0.001877365,0.012667683
SIR-1S,33,delta_beta_temporal_mu_0,-0.037056889,-0.022895751
SIR-1S,33,delta_beta_temporal_mu_1,-0.030032072,-0.009982184
SIR-1S,33,delta_beta_temporal_mu_2,0.010778489,0.035969614
SIR-1S,33,delta_beta_temporal_mu_3,0.036580805,0.029356162
SIR-1S,33,delta_beta_temporal_mu_4,0.053359011,0.153224002
SIR-1S,33,delta_beta_temporal_mu_5,-0.021397744,-0.01644879
SIR-1S,33,delta_beta_temporal_mu_6,-0.010542412,0.00104235
SIR-1S,33,delta_beta_temporal_mu_7,0.062690138,0.109827015
SIR-1S,33,delta_beta_temporal_mu_8,0.06771994,0.055756418
SIR-1S,33,delta_beta_temporal_mu_9,0.033438608,0.026889653
SIR-1S,33,delta_beta_temporal_mu_10,-0.003382677,-0.006686088
SIR-1S,33,delta_beta_temporal_mu_11,0.00913741,0.004400011
SIR-1S,33,delta_beta_temporal_sigma_0,0.005022766,0.036756163
SIR-1S,33,delta_beta_temporal_sigma_1,0.004959555,0.02994213
SIR-1S,33,delta_beta_temporal_sigma_2,0.017834487,0.058562961
SIR-1S,33,delta_beta_temporal_sigma_3,0.041594069,0.103095888
SIR-1S,33,delta_beta_temporal_sigma_4,0.004579377,0.034188228
SIR-1S,33,delta_beta_temporal_sigma_5,0.009110849,0.04842067
SIR-1S,33,delta_beta_temporal_sigma_6,0.041380583,0.084457712
SIR-1S,33,delta_beta_temporal_sigma_7,0.008556906,0.031128942
SIR-1S,33,delta_beta_temporal_sigma_8,0.015834562,0.054457702
SIR-1S,33,delta_beta_temporal_sigma_9,0.02763937,0.053460946
SIR-1S,33,delta_beta_temporal_sigma_10,0.021679733,0.042809976
SIR-1S,33,delta_beta_temporal_sigma_11,0.009546787,0.034217993
SIR-1S,34,rho_h_s_0,0.270478438,0.26568216
SIR-1S,34,rho_h_scale_0,0.006342688,0.009325858
SIR-1S,34,f_R_mu_0,0.284959358,0.344497543
SIR-1S,34,f_R_sigma_0,0.015014349,0.028945793
SIR-1S,34,f_I_s_0,0.927535874,0.488275134
SIR-1S,34,f_I_scale_0,1.93e-05,4.31e-05
SIR-1S,34,beta_mu_0,0.462625971,0.467991873
SIR-1S,34,beta_sigma_0,0.001008162,0.005782933
SIR-1S,34,delta_beta_temporal_mu_0,-0.057173827,0.010283702
SIR-1S,34,delta_beta_temporal_mu_1,-0.033877403,-0.020529193
SIR-1S,34,delta_beta_temporal_mu_2,0.014329423,0.064365053
SIR-1S,34,delta_beta_temporal_mu_3,0.068146773,0.107759275
SIR-1S,34,delta_beta_temporal_mu_4,0.180718031,0.237331192
SIR-1S,34,delta_beta_temporal_mu_5,-0.072844498,-0.035818896
SIR-1S,34,delta_beta_temporal_mu_6,-0.049040305,-0.005333528
SIR-1S,34,delta_beta_temporal_mu_7,0.029136527,0.055646473
SIR-1S,34,delta_beta_temporal_mu_8,0.00400114,-0.000763694
SIR-1S,34,delta_beta_temporal_mu_9,-0.013672284,-0.008316326
SIR-1S,34,delta_beta_temporal_mu_10,0.031035469,0.030519586
SIR-1S,34,delta_beta_temporal_mu_11,0.054391042,0.044859612
SIR-1S,34,delta_beta_temporal_sigma_0,0.01048114,0.045811838
SIR-1S,34,delta_beta_temporal_sigma_1,0.017911238,0.054040252
SIR-1S,34,delta_beta_temporal_sigma_2,0.03349039,0.053337049
SIR-1S,34,delta_beta_temporal_sigma_3,0.035764505,0.052480443
SIR-1S,34,delta_beta_temporal_sigma_4,0.042344606,0.078605978
SIR-1S,34,delta_beta_temporal_sigma_5,0.007912201,0.037114893
SIR-1S,34,delta_beta_temporal_sigma_6,0.07474384,0.118735897
SIR-1S,34,delta_beta_temporal_sigma_7,0.000889713,0.004777957
SIR-1S,34,delta_beta_temporal_sigma_8,0.045511887,0.053324499
SIR-1S,34,delta_beta_temporal_sigma_9,0.030078976,0.041745208
SIR-1S,34,delta_beta_temporal_sigma_10,0.001126526,0.010691851
SIR-1S,34,delta_beta_temporal_sigma_11,0.00465989,0.028013831
SIR-1S,35,rho_h_s_0,0.217465633,0.170960714
SIR-1S,35,rho_h_scale_0,0.006303258,0.011573032
SIR-1S,35,f_R_mu_0,0.276930363,0.349629094
SIR-1S,35,f_R_sigma_0,0.011034487,0.026961107
SIR-1S,35,f_I_s_0,0.225292772,0.182038741
SIR-1S,35,f_I_scale_0,1.63e-05,4.98e-05
SIR-1S,35,beta_mu_0,0.469460786,0.473145953
SIR-1S,35,beta_sigma_0,0.004726223,0.014323586
SIR-1S,35,delta_beta_temporal_mu_0,-0.033903333,-0.039615558
SIR-1S,35,delta_beta_temporal_mu_1,-0.008437862,0.014011975
SIR-1S,35,delta_beta_temporal_mu_2,0.033455268,0.096314926
SIR-1S,35,delta_beta_temporal_mu_3,0.079531626,0.148044881
SIR-1S,35,delta_beta_temporal_mu_4,0.037351091,0.07480245
SIR-1S,35,delta_beta_temporal_mu_5,-0.100964818,-0.068369362
SIR-1S,35,delta_beta_temporal_mu_6,-0.099859415,-0.084023632
SIR-1S,35,delta_beta_temporal_mu_7,0.016422049,0.01642609
SIR-1S,35,delta_beta_temporal_mu_8,0.029758298,0.020739878
SIR-1S,35,delta_beta_temporal_mu_9,0.052819423,0.017003479
SIR-1S,35,delta_beta_temporal_mu_10,0.01973426,-0.002166604
SIR-1S,35,delta_beta_temporal_mu_11,0.008296401,-0.006735246
SIR-1S,35,delta_beta_temporal_sigma_0,0.003461371,0.025876838
SIR-1S,35,delta_beta_temporal_sigma_1,0.002420593,0.013793454
SIR-1S,35,delta_beta_temporal_sigma_2,0.009740435,0.038530359
SIR-1S,35,delta_beta_temporal_sigma_3,0.045668778,0.088669183
SIR-1S,35,delta_beta_temporal_sigma_4,0.009691981,0.035045889
SIR-1S,35,delta_beta_temporal_sigma_5,0.024079823,0.056382264
SIR-1S,35,delta_beta_temporal_sigma_6,0.005196335,0.040149577
SIR-1S,35,delta_beta_temporal_sigma_7,0.025890051,0.057233446
SIR-1S,35,delta_beta_temporal_sigma_8,0.008759549,0.033301581
SIR-1S,35,delta_beta_temporal_sigma_9,0.023613739,0.050359617
SIR-1S,35,delta_beta_temporal_sigma_10,0.017435867,0.038520553
SIR-1S,35,delta_beta_temporal_sigma_11,0.005580404,0.025574739
SIR-1S,36,rho_h_s_0,0.260811521,0.290863405
SIR-1S,36,rho_h_scale_0,0.005121069,0.005918153
SIR-1S,36,f_R_mu_0,0.298202727,0.33144329
SIR-1S,36,f_R_sigma_0,0.022244122,0.040458945
SIR-1S,36,f_I_s_0,1.619677178,0.880545382
SIR-1S,36,f_I_scale_0,1.03e-05,2.4e-05
SIR-1S,36,beta_mu_0,0.477276584,0.478545943
SIR-1S,36,beta_sigma_0,0.003425896,0.013388571
SIR-1S,36,delta_beta_temporal_mu_0,-0.045980955,-0.026964483
SIR-1S,36,delta_beta_temporal_mu_1,0.032352249,0.050477439
SIR-1S,36,delta_beta_temporal_mu_2,0.055298158,0.087111459
SIR-1S,36,delta_beta_temporal_mu_3,0.055605708,0.074920377
SIR-1S,36,delta_beta_temporal_mu_4,0.124890239,0.134427517
SIR-1S,36,delta_beta_temporal_mu_5,-0.068398748,-0.04897171
SIR-1S,36,delta_beta_temporal_mu_6,-0.024650742,0.001578985
SIR-1S,36,delta_beta_temporal_mu_7,0.023293395,0.028878197
SIR-1S,36,delta_beta_temporal_mu_8,0.045496774,0.049393423
SIR-1S,36,delta_beta_temporal_mu_9,0.028815537,0.034704942
SIR-1S,36,delta_beta_temporal_mu_10,0.058725471,0.0626644
SIR-1S,36,delta_beta_temporal_mu_11,0.125513402,0.142155018
SIR-1S,36,delta_beta_temporal_sigma_0,0.029328903,0.040988845
SIR-1S,36,delta_beta_temporal_sigma_1,0.005815274,0.022699399
SIR-1S,36,delta_beta_temporal_sigma_2,0.041000608,0.068196867
SIR-1S,36,delta_beta_temporal_sigma_3,0.051601535,0.053576637
SIR-1S,36,delta_beta_temporal_sigma_4,0.03988096,0.057639805
SIR-1S,36,delta_beta_temporal_sigma_5,0.006184052,0.023578541
SIR-1S,36,delta_beta_temporal_sigma_6,0.005226444,0.015607076
SIR-1S,36,delta_beta_temporal_sigma_7,0.028654645,0.037336237
SIR-1S,36,delta_beta_temporal_sigma_8,0.088583295,0.112740292
SIR-1S,36,delta_beta_temporal_sigma_9,0.009240198,0.026128733
SIR-1S,36,delta_beta_temporal_sigma_10,0.047462609,0.054866327
SIR-1S,36,delta_beta_temporal_sigma_11,0.070492185,0.087289102
SIR-1S,37,rho_h_s_0,0.36322879,0.394747857
SIR-1S,37,rho_h_scale_0,0.004453728,0.005166255
SIR-1S,37,f_R_mu_0,0.279992643,0.318927489
SIR-1S,37,f_R_sigma_0,0.017886088,0.023331393
SIR-1S,37,f_I_s_0,0.555745976,0.324192965
SIR-1S,37,f_I_scale_0,3.14e-05,4.48e-05
SIR-1S,37,beta_mu_0,0.472135294,0.47732944
SIR-1S,37,beta_sigma_0,0.003003303,0.010695806
SIR-1S,37,delta_beta_temporal_mu_0,-0.13615731,-0.13915885
SIR-1S,37,delta_beta_temporal_mu_1,-0.071707341,-0.004938354
SIR-1S,37,delta_beta_temporal_mu_2,-0.000900996,-0.001512284
SIR-1S,37,delta_beta_temporal_mu_3,0.043995415,0.035671846
SIR-1S,37,delta_beta_temporal_mu_4,0.169035655,0.204804844
SIR-1S,37,delta_beta_temporal_mu_5,-0.114169814,-0.107497778
SIR-1S,37,delta_beta_temporal_mu_6,0.006854077,0.009992464
SIR-1S,37,delta_beta_temporal_mu_7,0.034627041,0.049624901
SIR-1S,37,delta_beta_temporal_mu_8,0.011934099,0.007438471
SIR-1S,37,delta_beta_temporal_mu_9,0.089813556,0.111677097
SIR-1S,37,delta_beta_temporal_mu_10,0.051735302,0.03880941
SIR-1S,37,delta_beta_temporal_mu_11,-0.01090477,0.004803202
SIR-1S,37,delta_beta_temporal_sigma_0,0.040790181,0.053266695
SIR-1S,37,delta_beta_temporal_sigma_1,0.089493806,0.109868886
SIR-1S,37,delta_beta_temporal_sigma_2,0.092932627,0.082859759
SIR-1S,37,delta_beta_temporal_sigma_3,0.008862349,0.028792684
SIR-1S,37,delta_beta_temporal_sigma_4,0.012216837,0.025263553
SIR-1S,37,delta_beta_temporal_sigma_5,0.020801585,0.047966887
SIR-1S,37,delta_beta_temporal_sigma_6,0.064963397,0.104558688
SIR-1S,37,delta_beta_temporal_sigma_7,0.012299613,0.030925103
SIR-1S,37,delta_beta_temporal_sigma_8,0.103740549,0.095490819
SIR-1S,37,delta_beta_temporal_sigma_9,0.006080279,0.024958481
SIR-1S,37,delta_beta_temporal_sigma_10,0.062629947,0.074685127
SIR-1S,37,delta_beta_temporal_sigma_11,0.043258253,0.051416525
SIR-1S,38,rho_h_s_0,0.087339593,0.136778717
SIR-1S,38,rho_h_scale_0,0.004557003,0.007529679
SIR-1S,38,f_R_mu_0,0.291576075,0.351199862
SIR-1S,38,f_R_sigma_0,0.008342147,0.021679234
SIR-1S,38,f_I_s_0,0.693147181,0.158463687
SIR-1S,38,f_I_scale_0,2.36e-05,9.93e-05
SIR-1S,38,beta_mu_0,0.473317409,0.477093206
SIR-1S,38,beta_sigma_0,0.001370582,0.006748313
SIR-1S,38,delta_beta_temporal_mu_0,-0.033539352,-0.020654172
SIR-1S,38,delta_beta_temporal_mu_1,-0.006847279,0.002248153
SIR-1S,38,delta_beta_temporal_mu_2,-0.023163755,0.018585987
SIR-1S,38,delta_beta_temporal_mu_3,0.016041782,-0.009695031
SIR-1S,38,delta_beta_temporal_mu_4,0.063540755,0.189687438
SIR-1S,38,delta_beta_temporal_mu_5,0.005442591,-0.004798698
SIR-1S,38,delta_beta_temporal_mu_6,0.024310151,0.067297148
SIR-1S,38,delta_beta_temporal_mu_7,0.004921734,0.006405006
SIR-1S,38,delta_beta_temporal_mu_8,-0.014736993,-0.010972963
SIR-1S,38,delta_beta_temporal_mu_9,0.048118534,0.045272361
SIR-1S,38,delta_beta_temporal_mu_10,0.056454751,0.076297047
SIR-1S,38,delta_beta_temporal_mu_11,0.029572512,0.044325187
SIR-1S,38,delta_beta_temporal_sigma_0,0.007737191,0.028094691
SIR-1S,38,delta_beta_temporal_sigma_1,0.017392951,0.069059611
SIR-1S,38,delta_beta_temporal_sigma_2,0.013192745,0.050329577
SIR-1S,38,delta_beta_temporal_sigma_3,0.007804399,0.033937609
SIR-1S,38,delta_beta_temporal_sigma_4,0.002471452,0.023259816
SIR-1S,38,delta_beta_temporal_sigma_5,0.027106865,0.067383371
SIR-1S,38,delta_beta_temporal_sigma_6,0.036296193,0.079770829
SIR-1S,38,delta_beta_temporal_sigma_7,0.02674184,0.049989219
SIR-1S,38,delta_beta_temporal_sigma_8,0.028936777,0.056570638
SIR-1S,38,delta_beta_temporal_sigma_9,0.021005752,0.058100834
SIR-1S,38,delta_beta_temporal_sigma_10,0.011322072,0.048062369
SIR-1S,38,delta_beta_temporal_sigma_11,0.000118227,0.000863768
SIR-1S,39,rho_h_s_0,0.437684688,0.421648805
SIR-1S,39,rho_h_scale_0,0.005418066,0.00623248
SIR-1S,39,f_R_mu_0,0.277356,0.334532348
SIR-1S,39,f_R_sigma_0,0.023687257,0.037990505
SIR-1S,39,f_I_s_0,0.736513028,0.528988999
SIR-1S,39,f_I_scale_0,1.56e-05,3.53e-05
SIR-1S,39,beta_mu_0,0.47175132,0.479371766
SIR-1S,39,beta_sigma_0,0.004278525,0.016022566
SIR-1S,39,delta_beta_temporal_mu_0,-0.033128266,-0.087696942
SIR-1S,39,delta_beta_temporal_mu_1,-0.173772626,-0.03704199
SIR-1S,39,delta_beta_temporal_mu_2,-0.027535533,0.045762237
SIR-1S,39,delta_beta_temporal_mu_3,0.011663497,0.020603563
SIR-1S,39,delta_beta_temporal_mu_4,0.161305179,0.176220337
SIR-1S,39,delta_beta_temporal_mu_5,-0.113372944,-0.068937066
SIR-1S,39,delta_beta_temporal_mu_6,0.004892653,0.032986122
SIR-1S,39,delta_beta_temporal_mu_7,0.062496054,0.091727742
SIR-1S,39,delta_beta_temporal_mu_8,0.070563537,0.098608077
SIR-1S,39,delta_beta_temporal_mu_9,0.040576812,0.071373991
SIR-1S,39,delta_beta_temporal_mu_10,-0.01297116,0.014360967
SIR-1S,39,delta_beta_temporal_mu_11,0.05212017,0.114883716
SIR-1S,39,delta_beta_temporal_sigma_0,0.069817124,0.061466621
SIR-1S,39,delta_beta_temporal_sigma_1,0.16240481,0.086885876
SIR-1S,39,delta_beta_temporal_sigma_2,0.082632587,0.079351176
SIR-1S,39,delta_beta_temporal_sigma_3,0.016664225,0.035591133
SIR-1S,39,delta_beta_temporal_sigma_4,0.040905936,0.072114109
SIR-1S,39,delta_beta_temporal_sigma_5,0.01703944,0.044260935
SIR-1S,39,delta_beta_temporal_sigma_6,0.002167451,0.008132933
SIR-1S,39,delta_beta_temporal_sigma_7,0.026474103,0.062101959
SIR-1S,39,delta_beta_temporal_sigma_8,0.060363373,0.066243226
SIR-1S,39,delta_beta_temporal_sigma_9,0.030736274,0.048027597
SIR-1S,39,delta_beta_temporal_sigma_10,0.061140551,0.053006825
SIR-1S,39,delta_beta_temporal_sigma_11,0.090866119,0.087676464
SIR-1S,40,rho_h_s_0,0.076407102,0.124224249
SIR-1S,40,rho_h_scale_0,0.006242669,0.008442514
SIR-1S,40,f_R_mu_0,0.298736995,0.345267562
SIR-1S,40,f_R_sigma_0,0.012114763,0.034267711
SIR-1S,40,f_I_s_0,1.803151476,0.792351693
SIR-1S,40,f_I_scale_0,2.19e-05,7.64e-05
SIR-1S,40,beta_mu_0,0.476489837,0.475189398
SIR-1S,40,beta_sigma_0,0.011698536,0.020410143
SIR-1S,40,delta_beta_temporal_mu_0,-0.083676346,-0.142743552
SIR-1S,40,delta_beta_temporal_mu_1,-0.039809866,0.048378639
SIR-1S,40,delta_beta_temporal_mu_2,-0.006909236,-0.000207299
SIR-1S,40,delta_beta_temporal_mu_3,-0.003198294,0.002239983
SIR-1S,40,delta_beta_temporal_mu_4,0.095985734,0.141897869
SIR-1S,40,delta_beta_temporal_mu_5,-0.055724362,-0.028423527
SIR-1S,40,delta_beta_temporal_mu_6,0.129924027,0.153191575
SIR-1S,40,delta_beta_temporal_mu_7,0.075274836,0.088785956
SIR-1S,40,delta_beta_temporal_mu_8,-0.090810343,-0.127547525
SIR-1S,40,delta_beta_temporal_mu_9,0.032565258,0.028845552
SIR-1S,40,delta_beta_temporal_mu_10,0.015569097,0.002738174
SIR-1S,40,delta_beta_temporal_mu_11,0.009017499,-0.014278608
SIR-1S,40,delta_beta_temporal_sigma_0,0.04147613,0.062527137
SIR-1S,40,delta_beta_temporal_sigma_1,0.017548878,0.050299599
SIR-1S,40,delta_beta_temporal_sigma_2,0.0078849,0.023388358
SIR-1S,40,delta_beta_temporal_sigma_3,0.025383705,0.038532033
SIR-1S,40,delta_beta_temporal_sigma_4,0.049786762,0.072293517
SIR-1S,40,delta_beta_temporal_sigma_5,0.076298611,0.057649484
SIR-1S,40,delta_beta_temporal_sigma_6,0.010727883,0.031923782
SIR-1S,40,delta_beta_temporal_sigma_7,0.032783198,0.04196943
SIR-1S,40,delta_beta_temporal_sigma_8,0.008072757,0.040992304
SIR-1S,40,delta_beta_temporal_sigma_9,0.054406523,0.064915335
SIR-1S,40,delta_beta_temporal_sigma_10,0.014076024,0.034332456
SIR-1S,40,delta_beta_temporal_sigma_11,0.001751494,0.008334904
SIR-1S,41,rho_h_s_0,0.410744212,0.270051675
SIR-1S,41,rho_h_scale_0,0.004393086,0.007598758
SIR-1S,41,f_R_mu_0,0.290896779,0.336027864
SIR-1S,41,f_R_sigma_0,0.024976416,0.037662886
SIR-1S,41,f_I_s_0,1.109370772,0.402170332
SIR-1S,41,f_I_scale_0,2e-05,5.29e-05
SIR-1S,41,beta_mu_0,0.471183363,0.464684193
SIR-1S,41,beta_sigma_0,0.003461473,0.013450751
SIR-1S,41,delta_beta_temporal_mu_0,-0.042682029,-0.005909853
SIR-1S,41,delta_beta_temporal_mu_1,0.001641676,0.009152013
SIR-1S,41,delta_beta_temporal_mu_2,0.001020577,0.004516327
SIR-1S,41,delta_beta_temporal_mu_3,0.063579126,0.123417599
SIR-1S,41,delta_beta_temporal_mu_4,0.092177607,0.142756952
SIR-1S,41,delta_beta_temporal_mu_5,-0.144514753,-0.131422565
SIR-1S,41,delta_beta_temporal_mu_6,-0.047623565,-0.016377066
SIR-1S,41,delta_beta_temporal_mu_7,0.042641242,0.045386436
SIR-1S,41,delta_beta_temporal_mu_8,-0.006164418,-0.007178336
SIR-1S,41,delta_beta_temporal_mu_9,-0.016276672,-0.005688474
SIR-1S,41,delta_beta_temporal_mu_10,0.032739818,0.011613596
SIR-1S,41,delta_beta_temporal_mu_11,-0.001632048,-0.018232706
SIR-1S,41,delta_beta_temporal_sigma_0,0.00286073,0.01915804
SIR-1S,41,delta_beta_temporal_sigma_1,0.025373969,0.05648103
SIR-1S,41,delta_beta_temporal_sigma_2,0.004811424,0.015996475
SIR-1S,41,delta_beta_temporal_sigma_3,0.03110373,0.055410245
SIR-1S,41,delta_beta_temporal_sigma_4,0.027489632,0.074640207
SIR-1S,41,delta_beta_temporal_sigma_5,0.078951199,0.063283357
SIR-1S,41,delta_beta_temporal_sigma_6,0.027481626,0.062260423
SIR-1S,41,delta_beta_temporal_sigma_7,0.064924691,0.099398465
SIR-1S,41,delta_beta_temporal_sigma_8,0.033946016,0.046738813
SIR-1S,41,delta_beta_temporal_sigma_9,0.055691554,0.070785212
SIR-1S,41,delta_beta_temporal_sigma_10,0.04277587,0.047869689
SIR-1S,41,delta_beta_temporal_sigma_11,0.017910593,0.052350573
SIR-1S,42,rho_h_s_0,0.526377816,0.28452938
SIR-1S,42,rho_h_scale_0,0.010943787,0.015540362
SIR-1S,42,f_R_mu_0,0.227986391,0.301234651
SIR-1S,42,f_R_sigma_0,0.072058831,0.07085293
SIR-1S,42,f_I_s_0,0.639695989,0.507678347
SIR-1S,42,f_I_scale_0,6.94e-05,8.02e-05
SIR-1S,42,beta_mu_0,0.407973695,0.423009176
SIR-1S,42,beta_sigma_0,0.0325456,0.022408902
SIR-1S,42,delta_beta_temporal_mu_0,-0.087324305,-0.043960293
SIR-1S,42,delta_beta_temporal_mu_1,0.017433428,0.045223958
SIR-1S,42,delta_beta_temporal_mu_2,0.001131716,0.006637654
SIR-1S,42,delta_beta_temporal_mu_3,0.084424759,0.10787698
SIR-1S,42,delta_beta_temporal_mu_4,0.206976363,0.228172041
SIR-1S,42,delta_beta_temporal_mu_5,-0.050421019,-0.035511174
SIR-1S,42,delta_beta_temporal_mu_6,0.002212448,0.01092325
SIR-1S,42,delta_beta_temporal_mu_7,0.045207127,0.054387048
SIR-1S,42,delta_beta_temporal_mu_8,0.036431857,0.021236991
SIR-1S,42,delta_beta_temporal_mu_9,-0.027693028,-0.017553949
SIR-1S,42,delta_beta_temporal_mu_10,-0.04815884,-0.037477309
SIR-1S,42,delta_beta_temporal_mu_11,-0.008020768,-0.017346779
SIR-1S,42,delta_beta_temporal_sigma_0,0.029801487,0.048044823
SIR-1S,42,delta_beta_temporal_sigma_1,0.015105439,0.044416088
SIR-1S,42,delta_beta_temporal_sigma_2,0.099613212,0.137164847
SIR-1S,42,delta_beta_temporal_sigma_3,0.026549831,0.058605658
SIR-1S,42,delta_beta_temporal_sigma_4,0.03298264,0.04847378
SIR-1S,42,delta_beta_temporal_sigma_5,0.074008115,0.085637726
SIR-1S,42,delta_beta_temporal_sigma_6,0.079305324,0.09191986
SIR-1S,42,delta_beta_temporal_sigma_7,0.001861626,0.012986162
SIR-1S,42,delta_beta_temporal_sigma_8,0.054626022,0.08362686
SIR-1S,42,delta_beta_temporal_sigma_9,0.0539947,0.056410241
SIR-1S,42,delta_beta_temporal_sigma_10,0.025270309,0.037476273
SIR-1S,42,delta_beta_temporal_sigma_11,0.019693279,0.030108706
SIR-1S,44,rho_h_s_0,0.398817144,0.217936868
SIR-1S,44,rho_h_scale_0,0.003898358,0.008045989
SIR-1S,44,f_R_mu_0,0.292417027,0.346476471
SIR-1S,44,f_R_sigma_0,0.017409085,0.028879141
SIR-1S,44,f_I_s_0,0.880592372,0.194699327
SIR-1S,44,f_I_scale_0,2.3e-05,6.39e-05
SIR-1S,44,beta_mu_0,0.470162854,0.469293365
SIR-1S,44,beta_sigma_0,0.001409647,0.008682217
SIR-1S,44,delta_beta_temporal_mu_0,-0.036083416,-0.011317668
SIR-1S,44,delta_beta_temporal_mu_1,-0.034681359,-0.013379002
SIR-1S,44,delta_beta_temporal_mu_2,0.001369171,0.012474514
SIR-1S,44,delta_beta_temporal_mu_3,0.031916596,0.049375154
SIR-1S,44,delta_beta_temporal_mu_4,0.057732272,0.129987029
SIR-1S,44,delta_beta_temporal_mu_5,-0.0136555,-0.000849955
SIR-1S,44,delta_beta_temporal_mu_6,-0.010565861,-0.018515115
SIR-1S,44,delta_beta_temporal_mu_7,0.042554906,0.030977417
SIR-1S,44,delta_beta_temporal_mu_8,0.017511991,0.024294714
SIR-1S,44,delta_beta_temporal_mu_9,0.029631722,-0.016488554
SIR-1S,44,delta_beta_temporal_mu_10,0.02364609,0.015912278
SIR-1S,44,delta_beta_temporal_mu_11,0.032180431,-0.046391328
SIR-1S,44,delta_beta_temporal_sigma_0,0.000234169,0.001823909
SIR-1S,44,delta_beta_temporal_sigma_1,0.004656242,0.03164472
SIR-1S,44,delta_beta_temporal_sigma_2,0.014902623,0.065785552
SIR-1S,44,delta_beta_temporal_sigma_3,0.00505071,0.037170126
SIR-1S,44,delta_beta_temporal_sigma_4,0.008594686,0.049692123
SIR-1S,44,delta_beta_temporal_sigma_5,0.014553112,0.053109547
SIR-1S,44,delta_beta_temporal_sigma_6,0.046625488,0.111273722
SIR-1S,44,delta_beta_temporal_sigma_7,0.039774306,0.082000808
SIR-1S,44,delta_beta_temporal_sigma_8,0.039410884,0.064551332
SIR-1S,44,delta_beta_temporal_sigma_9,0.003120078,0.026334299
SIR-1S,44,delta_beta_temporal_sigma_10,0.002269681,0.01985602
SIR-1S,44,delta_beta_temporal_sigma_11,5.99e-05,0.001380066
SIR-1S,45,rho_h_s_0,0.052966153,0.088466968
SIR-1S,45,rho_h_scale_0,0.006173869,0.008414338
SIR-1S,45,f_R_mu_0,0.284334584,0.338571142
SIR-1S,45,f_R_sigma_0,0.011845993,0.031324729
SIR-1S,45,f_I_s_0,2.01138334,0.873893155
SIR-1S,45,f_I_scale_0,1.93e-05,4.68e-05
SIR-1S,45,beta_mu_0,0.468732539,0.473669254
SIR-1S,45,beta_sigma_0,0.016030487,0.025667076
SIR-1S,45,delta_beta_temporal_mu_0,-0.06922743,-0.044755907
SIR-1S,45,delta_beta_temporal_mu_1,-0.034280419,0.003541004
SIR-1S,45,delta_beta_temporal_mu_2,-0.003512709,0.00319379
SIR-1S,45,delta_beta_temporal_mu_3,0.066839503,0.082925963
SIR-1S,45,delta_beta_temporal_mu_4,0.160180419,0.204494347
SIR-1S,45,delta_beta_temporal_mu_5,-0.134711448,-0.127393824
SIR-1S,45,delta_beta_temporal_mu_6,0.011975992,0.018032509
SIR-1S,45,delta_beta_temporal_mu_7,-0.010442481,-0.013448593
SIR-1S,45,delta_beta_temporal_mu_8,-0.032321051,-0.050514822
SIR-1S,45,delta_beta_temporal_mu_9,0.05869518,0.044390772
SIR-1S,45,delta_beta_temporal_mu_10,0.006641132,-0.021165554
SIR-1S,45,delta_beta_temporal_mu_11,0.032993696,0.001524866
SIR-1S,45,delta_beta_temporal_sigma_0,0.008267231,0.033499563
SIR-1S,45,delta_beta_temporal_sigma_1,0.037169448,0.044171962
SIR-1S,45,delta_beta_temporal_sigma_2,0.047745589,0.074525981
SIR-1S,45,delta_beta_temporal_sigma_3,0.028930245,0.049423789
SIR-1S,45,delta_beta_temporal_sigma_4,0.029261681,0.049271069
SIR-1S,45,delta_beta_temporal_sigma_5,0.026845099,0.075871039
SIR-1S,45,delta_beta_temporal_sigma_6,0.068700128,0.130884325
SIR-1S,45,delta_beta_temporal_sigma_7,0.005906786,0.026061482
SIR-1S,45,delta_beta_temporal_sigma_8,0.073799426,0.059863021
SIR-1S,45,delta_beta_temporal_sigma_9,0.019132489,0.045562223
SIR-1S,45,delta_beta_temporal_sigma_10,0.028690151,0.036049885
SIR-1S,45,delta_beta_temporal_sigma_11,0.046237546,0.054259974
SIR-1S,46,rho_h_s_0,0.036565968,0.119081368
SIR-1S,46,rho_h_scale_0,0.004304096,0.005604573
SIR-1S,46,f_R_mu_0,0.296408839,0.350606557
SIR-1S,46,f_R_sigma_0,0.01483954,0.037629233
SIR-1S,46,f_I_s_0,1.541030179,0.288923443
SIR-1S,46,f_I_scale_0,1.14e-05,2.35e-05
SIR-1S,46,beta_mu_0,0.479639059,0.480841089
SIR-1S,46,beta_sigma_0,0.008616981,0.021472417
SIR-1S,46,delta_beta_temporal_mu_0,-0.041345894,0.007967826
SIR-1S,46,delta_beta_temporal_mu_1,-0.027459302,-0.026326838
SIR-1S,46,delta_beta_temporal_mu_2,0.002063107,-0.020746365
SIR-1S,46,delta_beta_temporal_mu_3,0.014974043,0.052380612
SIR-1S,46,delta_beta_temporal_mu_4,0.049304957,0.109313067
SIR-1S,46,delta_beta_temporal_mu_5,-0.034977616,-0.053984793
SIR-1S,46,delta_beta_temporal_mu_6,-0.011247548,-0.014902193
SIR-1S,46,delta_beta_temporal_mu_7,0.066784216,0.073717781
SIR-1S,46,delta_beta_temporal_mu_8,0.040198187,0.021217886
SIR-1S,46,delta_beta_temporal_mu_9,0.046807947,0.032339021
SIR-1S,46,delta_beta_temporal_mu_10,0.035681749,0.022359565
SIR-1S,46,delta_beta_temporal_mu_11,0.020926687,-0.000568777
SIR-1S,46,delta_beta_temporal_sigma_0,0.009011752,0.036495061
SIR-1S,46,delta_beta_temporal_sigma_1,5.41e-05,0.000430636
SIR-1S,46,delta_beta_temporal_sigma_2,0.005999255,0.025435547
SIR-1S,46,delta_beta_temporal_sigma_3,0.024263405,0.065315723
SIR-1S,46,delta_beta_temporal_sigma_4,0.030609694,0.069654895
SIR-1S,46,delta_beta_temporal_sigma_5,0.018764366,0.080187443
SIR-1S,46,delta_beta_temporal_sigma_6,0.065618844,0.129076216
SIR-1S,46,delta_beta_temporal_sigma_7,0.059258259,0.106515219
SIR-1S,46,delta_beta_temporal_sigma_8,0.052330372,0.08608381
SIR-1S,46,delta_beta_temporal_sigma_9,0.0561156,0.066847645
SIR-1S,46,delta_beta_temporal_sigma_10,0.045712168,0.065980162
SIR-1S,46,delta_beta_temporal_sigma_11,0.000492325,0.004603602
SIR-1S,47,rho_h_s_0,0.176578664,0.146544727
SIR-1S,47,rho_h_scale_0,0.006567473,0.009932125
SIR-1S,47,f_R_mu_0,0.287954904,0.349939404
SIR-1S,47,f_R_sigma_0,0.027882924,0.03649578
SIR-1S,47,f_I_s_0,1.467115634,0.713663325
SIR-1S,47,f_I_scale_0,5.42e-05,0.000122592
SIR-1S,47,beta_mu_0,0.456270207,0.457070046
SIR-1S,47,beta_sigma_0,0.004798645,0.017832583
SIR-1S,47,delta_beta_temporal_mu_0,-0.021031251,0.037541138
SIR-1S,47,delta_beta_temporal_mu_1,-0.013198803,0.025853865
SIR-1S,47,delta_beta_temporal_mu_2,-0.047916337,0.013084199
SIR-1S,47,delta_beta_temporal_mu_3,0.071520368,0.102187352
SIR-1S,47,delta_beta_temporal_mu_4,0.209744838,0.304146955
SIR-1S,47,delta_beta_temporal_mu_5,-0.092600278,-0.066997356
SIR-1S,47,delta_beta_temporal_mu_6,-0.034966549,0.010370028
SIR-1S,47,delta_beta_temporal_mu_7,0.015206401,0.026651502
SIR-1S,47,delta_beta_temporal_mu_8,0.007573623,0.003081093
SIR-1S,47,delta_beta_temporal_mu_9,0.059059291,0.051186977
SIR-1S,47,delta_beta_temporal_mu_10,-0.032790599,-0.008626477
SIR-1S,47,delta_beta_temporal_mu_11,0.007803877,-0.008946997
SIR-1S,47,delta_beta_temporal_sigma_0,0.049927281,0.059729845
SIR-1S,47,delta_beta_temporal_sigma_1,0.000720588,0.004298043
SIR-1S,47,delta_beta_temporal_sigma_2,0.104001829,0.096283794
SIR-1S,47,delta_beta_temporal_sigma_3,0.028057643,0.050444385
SIR-1S,47,delta_beta_temporal_sigma_4,0.008446416,0.025608634
SIR-1S,47,delta_beta_temporal_sigma_5,0.070222516,0.069273281
SIR-1S,47,delta_beta_temporal_sigma_6,0.015432045,0.041105876
SIR-1S,47,delta_beta_temporal_sigma_7,0.030570135,0.059602959
SIR-1S,47,delta_beta_temporal_sigma_8,0.112527417,0.098348573
SIR-1S,47,delta_beta_temporal_sigma_9,0.014197718,0.036302949
SIR-1S,47,delta_beta_temporal_sigma_10,0.03455699,0.053731659
SIR-1S,47,delta_beta_temporal_sigma_11,0.066395129,0.059720596
SIR-1S,48,rho_h_s_0,0.20055064,0.371850859
SIR-1S,48,rho_h_scale_0,0.006216764,0.007336583
SIR-1S,48,f_R_mu_0,0.331937891,0.355333722
SIR-1S,48,f_R_sigma_0,0.008032105,0.026993623
SIR-1S,48,f_I_s_0,1.989201982,0.95074778
SIR-1S,48,f_I_scale_0,3.55e-05,9.73e-05
SIR-1S,48,beta_mu_0,0.494549614,0.480546737
SIR-1S,48,beta_sigma_0,0.042336832,0.016715078
SIR-1S,48,delta_beta_temporal_mu_0,-0.00033269,0.027937752
SIR-1S,48,delta_beta_temporal_mu_1,-0.009912185,0.036775545
SIR-1S,48,delta_beta_temporal_mu_2,-0.005868063,0.023098242
SIR-1S,48,delta_beta_temporal_mu_3,0.006753265,0.035950827
SIR-1S,48,delta_beta_temporal_mu_4,0.120501046,0.1626962
SIR-1S,48,delta_beta_temporal_mu_5,-0.079717437,-0.030304999
SIR-1S,48,delta_beta_temporal_mu_6,0.078934236,0.120786706
SIR-1S,48,delta_beta_temporal_mu_7,-0.002264694,0.032010232
SIR-1S,48,delta_beta_temporal_mu_8,-0.071196796,-0.023722537
SIR-1S,48,delta_beta_temporal_mu_9,0.017200016,0.03870915
SIR-1S,48,delta_beta_temporal_mu_10,-0.006412108,0.010767244
SIR-1S,48,delta_beta_temporal_mu_11,0.056033001,0.069094964
SIR-1S,48,delta_beta_temporal_sigma_0,0.04523534,0.037827833
SIR-1S,48,delta_beta_temporal_sigma_1,0.032473839,0.036874924
SIR-1S,48,delta_beta_temporal_sigma_2,0.052108921,0.03789529
SIR-1S,48,delta_beta_temporal_sigma_3,0.087477401,0.071558122
SIR-1S,48,delta_beta_temporal_sigma_4,0.041412973,0.030403562
SIR-1S,48,delta_beta_temporal_sigma_5,0.108252213,0.110866944
SIR-1S,48,delta_beta_temporal_sigma_6,0.015157916,0.027928298
SIR-1S,48,delta_beta_temporal_sigma_7,0.086221786,0.09869152
SIR-1S,48,delta_beta_temporal_sigma_8,0.127100534,0.140872928
SIR-1S,48,delta_beta_temporal_sigma_9,0.078895833,0.119054855
SIR-1S,48,delta_beta_temporal_sigma_10,0.111142109,0.127156846
SIR-1S,48,delta_beta_temporal_sigma_11,0.125167413,0.158782541
SIR-1S,49,rho_h_s_0,0.67128546,0.358485464
SIR-1S,49,rho_h_scale_0,0.002288716,0.005601802
SIR-1S,49,f_R_mu_0,0.301195265,0.358624811
SIR-1S,49,f_R_sigma_0,0.031012294,0.050876197
SIR-1S,49,f_I_s_0,1.503197305,0.544732336
SIR-1S,49,f_I_scale_0,3.78e-05,9.84e-05
SIR-1S,49,beta_mu_0,0.474322174,0.467156704
SIR-1S,49,beta_sigma_0,0.004726095,0.021934412
SIR-1S,49,delta_beta_temporal_mu_0,-0.03521887,0.007845511
SIR-1S,49,delta_beta_temporal_mu_1,-0.011012847,0.001703189
SIR-1S,49,delta_beta_temporal_mu_2,0.020014848,0.077553739
SIR-1S,49,delta_beta_temporal_mu_3,0.070698115,0.091242739
SIR-1S,49,delta_beta_temporal_mu_4,0.12489357,0.257710247
SIR-1S,49,delta_beta_temporal_mu_5,-0.072484032,-0.074613562
SIR-1S,49,delta_beta_temporal_mu_6,-0.064290843,-0.070102559
SIR-1S,49,delta_beta_temporal_mu_7,0.02057495,0.015588242
SIR-1S,49,delta_beta_temporal_mu_8,0.000819244,0.001758243
SIR-1S,49,delta_beta_temporal_mu_9,0.021275685,0.001162079
SIR-1S,49,delta_beta_temporal_mu_10,0.009043944,-0.002967013
SIR-1S,49,delta_beta_temporal_mu_11,0.007032762,-0.003666626
SIR-1S,49,delta_beta_temporal_sigma_0,0.004496397,0.032689508
SIR-1S,49,delta_beta_temporal_sigma_1,0.000846693,0.011728424
SIR-1S,49,delta_beta_temporal_sigma_2,0.002464101,0.02340487
SIR-1S,49,delta_beta_temporal_sigma_3,0.003458417,0.032402786
SIR-1S,49,delta_beta_temporal_sigma_4,0.007136523,0.039578199
SIR-1S,49,delta_beta_temporal_sigma_5,0.046406337,0.063133038
SIR-1S,49,delta_beta_temporal_sigma_6,0.030714603,0.05913724
SIR-1S,49,delta_beta_temporal_sigma_7,0.033740331,0.08210265
SIR-1S,49,delta_beta_temporal_sigma_8,0.012293966,0.037057597
SIR-1S,49,delta_beta_temporal_sigma_9,0.011612053,0.055964685
SIR-1S,49,delta_beta_temporal_sigma_10,0.001713569,0.018318834
SIR-1S,49,delta_beta_temporal_sigma_11,0.015053682,0.048185795
SIR-1S,50,rho_h_s_0,0.273600268,0.184414561
SIR-1S,50,rho_h_scale_0,0.004343035,0.008563251
SIR-1S,50,f_R_mu_0,0.296104964,0.349490546
SIR-1S,50,f_R_sigma_0,0.012983378,0.032259689
SIR-1S,50,f_I_s_0,0.89082554,0.255697759
SIR-1S,50,f_I_scale_0,2.83e-05,0.000101158
SIR-1S,50,beta_mu_0,0.467566987,0.470012237
SIR-1S,50,beta_sigma_0,0.000214059,0.00192235
SIR-1S,50,delta_beta_temporal_mu_0,-0.040592299,-0.059152939
SIR-1S,50,delta_beta_temporal_mu_1,-0.026251811,-0.010405806
SIR-1S,50,delta_beta_temporal_mu_2,-0.023196085,0.012519948
SIR-1S,50,delta_beta_temporal_mu_3,0.017306306,0.056742135
SIR-1S,50,delta_beta_temporal_mu_4,0.027230746,0.041979388
SIR-1S,50,delta_beta_temporal_mu_5,0.015204071,0.028650605
SIR-1S,50,delta_beta_temporal_mu_6,0.025392192,0.023856465
SIR-1S,50,delta_beta_temporal_mu_7,0.061650767,0.052650173
SIR-1S,50,delta_beta_temporal_mu_8,0.018145977,0.015881839
SIR-1S,50,delta_beta_temporal_mu_9,0.02189392,0.004295412
SIR-1S,50,delta_beta_temporal_mu_10,0.0415886,-0.018380755
SIR-1S,50,delta_beta_temporal_mu_11,0.022095319,-0.004743524
SIR-1S,50,delta_beta_temporal_sigma_0,0.000127665,0.001760958
SIR-1S,50,delta_beta_temporal_sigma_1,0.006167698,0.038336955
SIR-1S,50,delta_beta_temporal_sigma_2,0.020366572,0.060820171
SIR-1S,50,delta_beta_temporal_sigma_3,0.003544355,0.027320221
SIR-1S,50,delta_beta_temporal_sigma_4,0.006417292,0.03554491
SIR-1S,50,delta_beta_temporal_sigma_5,0.007535447,0.049273835
SIR-1S,50,delta_beta_temporal_sigma_6,0.027176278,0.058677442
SIR-1S,50,delta_beta_temporal_sigma_7,0.03892775,0.073708902
SIR-1S,50,delta_beta_temporal_sigma_8,0.041790245,0.08496927
SIR-1S,50,delta_beta_temporal_sigma_9,0.026485147,0.058709195
SIR-1S,50,delta_beta_temporal_sigma_10,0.011301589,0.06334446
SIR-1S,50,delta_beta_temporal_sigma_11,0.005797688,0.039171464
SIR-1S,51,rho_h_s_0,0.091292636,0.099169974
SIR-1S,51,rho_h_scale_0,0.005601529,0.007376748
SIR-1S,51,f_R_mu_0,0.290592354,0.344701245
SIR-1S,51,f_R_sigma_0,0.022752963,0.026985421
SIR-1S,51,f_I_s_0,1.301582881,0.652486197
SIR-1S,51,f_I_scale_0,6.17e-05,0.000117769
SIR-1S,51,beta_mu_0,0.458315599,0.468351429
SIR-1S,51,beta_sigma_0,0.001463172,0.009610801
SIR-1S,51,delta_beta_temporal_mu_0,-0.081594121,-0.055064771
SIR-1S,51,delta_beta_temporal_mu_1,-0.039315464,0.001329628
SIR-1S,51,delta_beta_temporal_mu_2,-0.007477928,0.023269829
SIR-1S,51,delta_beta_temporal_mu_3,0.033189325,0.043737935
SIR-1S,51,delta_beta_temporal_mu_4,0.201778478,0.271791818
SIR-1S,51,delta_beta_temporal_mu_5,-0.110188424,-0.116230036
SIR-1S,51,delta_beta_temporal_mu_6,-0.02377686,0.009205206
SIR-1S,51,delta_beta_temporal_mu_7,0.040549417,0.043812161
SIR-1S,51,delta_beta_temporal_mu_8,0.022346795,0.012093952
SIR-1S,51,delta_beta_temporal_mu_9,0.019741796,0.020258239
SIR-1S,51,delta_beta_temporal_mu_10,-0.003210674,-0.019850323
SIR-1S,51,delta_beta_temporal_mu_11,0.006926902,0.016096943
SIR-1S,51,delta_beta_temporal_sigma_0,0.010585001,0.037658836
SIR-1S,51,delta_beta_temporal_sigma_1,0.037248272,0.045451357
SIR-1S,51,delta_beta_temporal_sigma_2,0.021741494,0.042531362
SIR-1S,51,delta_beta_temporal_sigma_3,0.003865206,0.01892076
SIR-1S,51,delta_beta_temporal_sigma_4,0.035913863,0.051996267
SIR-1S,51,delta_beta_temporal_sigma_5,0.007744739,0.02716417
SIR-1S,51,delta_beta_temporal_sigma_6,0.065183663,0.131278291
SIR-1S,51,delta_beta_temporal_sigma_7,0.060480229,0.089251504
SIR-1S,51,delta_beta_temporal_sigma_8,0.099982924,0.090999669
SIR-1S,51,delta_beta_temporal_sigma_9,0.000862013,0.005524065
SIR-1S,51,delta_beta_temporal_sigma_10,0.048418014,0.042502334
SIR-1S,51,delta_beta_temporal_sigma_11,0.070029533,0.05817503
SIR-1S,53,rho_h_s_0,0.208809674,0.161203168
SIR-1S,53,rho_h_scale_0,0.00342471,0.005477784
SIR-1S,53,f_R_mu_0,0.301582237,0.36107785
SIR-1S,53,f_R_sigma_0,0.02585848,0.035987738
SIR-1S,53,f_I_s_0,1.545708357,0.639312184
SIR-1S,53,f_I_scale_0,2.79e-05,6.56e-05
SIR-1S,53,beta_mu_0,0.471497214,0.473936671
SIR-1S,53,beta_sigma_0,0.009853697,0.020985886
SIR-1S,53,delta_beta_temporal_mu_0,-0.070561002,-0.033873514
SIR-1S,53,delta_beta_temporal_mu_1,0.000372189,0.004570386
SIR-1S,53,delta_beta_temporal_mu_2,0.07100242,0.130148969
SIR-1S,53,delta_beta_temporal_mu_3,0.052386903,0.110242175
SIR-1S,53,delta_beta_temporal_mu_4,0.108303244,0.160631975
SIR-1S,53,delta_beta_temporal_mu_5,-0.128964167,-0.088446095
SIR-1S,53,delta_beta_temporal_mu_6,-0.039148066,-0.010863767
SIR-1S,53,delta_beta_temporal_mu_7,0.024991334,0.045543894
SIR-1S,53,delta_beta_temporal_mu_8,0.002027825,0.001890019
SIR-1S,53,delta_beta_temporal_mu_9,-0.034507227,-0.021301488
SIR-1S,53,delta_beta_temporal_mu_10,0.03563815,0.026482569
SIR-1S,53,delta_beta_temporal_mu_11,0.011733891,0.005132378
SIR-1S,53,delta_beta_temporal_sigma_0,0.022916316,0.056722221
SIR-1S,53,delta_beta_temporal_sigma_1,0.021528767,0.045018291
SIR-1S,53,delta_beta_temporal_sigma_2,0.024358587,0.055200524
SIR-1S,53,delta_beta_temporal_sigma_3,0.040168589,0.054588823
SIR-1S,53,delta_beta_temporal_sigma_4,0.004329369,0.02083754
SIR-1S,53,delta_beta_temporal_sigma_5,0.088791032,0.073790606
SIR-1S,53,delta_beta_temporal_sigma_6,0.028578836,0.061184236
SIR-1S,53,delta_beta_temporal_sigma_7,0.068861943,0.110058996
SIR-1S,53,delta_beta_temporal_sigma_8,0.030625175,0.041085608
SIR-1S,53,delta_beta_temporal_sigma_9,0.078079165,0.089612139
SIR-1S,53,delta_beta_temporal_sigma_10,0.01677762,0.042060668
SIR-1S,53,delta_beta_temporal_sigma_11,0.006697711,0.024874221
SIR-1S,54,rho_h_s_0,0.240925405,0.251793613
SIR-1S,54,rho_h_scale_0,0.006997289,0.009161983
SIR-1S,54,f_R_mu_0,0.258695228,0.343862739
SIR-1S,54,f_R_sigma_0,0.029521561,0.033097524
SIR-1S,54,f_I_s_0,0.69801663,0.181215666
SIR-1S,54,f_I_scale_0,1.13e-05,4.26e-05
SIR-1S,54,beta_mu_0,0.455965167,0.478820246
SIR-1S,54,beta_sigma_0,0.011483992,0.01905963
SIR-1S,54,delta_beta_temporal_mu_0,-0.073250201,-0.004512372
SIR-1S,54,delta_beta_temporal_mu_1,-0.048444292,-0.014169046
SIR-1S,54,delta_beta_temporal_mu_2,-0.030013072,-0.030163313
SIR-1S,54,delta_beta_temporal_mu_3,0.029796899,0.025982032
SIR-1S,54,delta_beta_temporal_mu_4,0.130097224,0.255586965
SIR-1S,54,delta_beta_temporal_mu_5,-0.062548807,-0.059496202
SIR-1S,54,delta_beta_temporal_mu_6,-0.050205995,-0.032693782
SIR-1S,54,delta_beta_temporal_mu_7,0.104535421,0.105283911
SIR-1S,54,delta_beta_temporal_mu_8,0.093022185,0.085891267
SIR-1S,54,delta_beta_temporal_mu_9,0.065870617,0.046941766
SIR-1S,54,delta_beta_temporal_mu_10,0.055643232,0.039593464
SIR-1S,54,delta_beta_temporal_mu_11,-0.006740747,-0.02316204
SIR-1S,54,delta_beta_temporal_sigma_0,0.026123913,0.056237019
SIR-1S,54,delta_beta_temporal_sigma_1,0.012250589,0.035227855
SIR-1S,54,delta_beta_temporal_sigma_2,0.00768433,0.035721325
SIR-1S,54,delta_beta_temporal_sigma_3,0.01106573,0.030115794
SIR-1S,54,delta_beta_temporal_sigma_4,0.017853691,0.039292381
SIR-1S,54,delta_beta_temporal_sigma_5,0.013797104,0.032261611
SIR-1S,54,delta_beta_temporal_sigma_6,0.000984113,0.006279382
SIR-1S,54,delta_beta_temporal_sigma_7,0.057379246,0.080279274
SIR-1S,54,delta_beta_temporal_sigma_8,0.03709286,0.054683125
SIR-1S,54,delta_beta_temporal_sigma_9,0.00744915,0.036037806
SIR-1S,54,delta_beta_temporal_sigma_10,0.005072407,0.029286011
SIR-1S,54,delta_beta_temporal_sigma_11,0.030093109,0.050234492
SIR-1S,55,rho_h_s_0,0.351707653,0.352602789
SIR-1S,55,rho_h_scale_0,0.004137346,0.004594118
SIR-1S,55,f_R_mu_0,0.27536324,0.323441682
SIR-1S,55,f_R_sigma_0,0.024857591,0.034675419
SIR-1S,55,f_I_s_0,1.01078708,0.398595165
SIR-1S,55,f_I_scale_0,6.84e-06,1.63e-05
SIR-1S,55,beta_mu_0,0.474323295,0.476173145
SIR-1S,55,beta_sigma_0,0.008562758,0.019294666
SIR-1S,55,delta_beta_temporal_mu_0,-0.046546467,-0.034263103
SIR-1S,55,delta_beta_temporal_mu_1,-0.043056745,-0.027683525
SIR-1S,55,delta_beta_temporal_mu_2,-0.008326821,0.006683162
SIR-1S,55,delta_beta_temporal_mu_3,0.033844962,0.040888298
SIR-1S,55,delta_beta_temporal_mu_4,0.0928113,0.106518438
SIR-1S,55,delta_beta_temporal_mu_5,-0.064081947,-0.060356384
SIR-1S,55,delta_beta_temporal_mu_6,-0.038886987,-0.011465034
SIR-1S,55,delta_beta_temporal_mu_7,0.038794247,0.063428035
SIR-1S,55,delta_beta_temporal_mu_8,0.043842096,0.070855283
SIR-1S,55,delta_beta_temporal_mu_9,0.022215361,0.041510355
SIR-1S,55,delta_beta_temporal_mu_10,0.006936434,0.022094001
SIR-1S,55,delta_beta_temporal_mu_11,0.036373917,0.069648371
SIR-1S,55,delta_beta_temporal_sigma_0,0.008351595,0.037170554
SIR-1S,55,delta_beta_temporal_sigma_1,0.013180408,0.046296612
SIR-1S,55,delta_beta_temporal_sigma_2,0.052080905,0.060066267
SIR-1S,55,delta_beta_temporal_sigma_3,0.005071205,0.021532162
SIR-1S,55,delta_beta_temporal_sigma_4,0.032736816,0.068750459
SIR-1S,55,delta_beta_temporal_sigma_5,0.007323894,0.026770659
SIR-1S,55,delta_beta_temporal_sigma_6,0.090262681,0.128486339
SIR-1S,55,delta_beta_temporal_sigma_7,0.020035305,0.033465012
SIR-1S,55,delta_beta_temporal_sigma_8,0.027694538,0.041057067
SIR-1S,55,delta_beta_temporal_sigma_9,0.058216665,0.058643652
SIR-1S,55,delta_beta_temporal_sigma_10,0.053963907,0.061152914
SIR-1S,55,delta_beta_temporal_sigma_11,0.008732609,0.032252582
SIR-1S,56,rho_h_s_0,0.155949163,0.166609158
SIR-1S,56,rho_h_scale_0,0.00583723,0.011041932
SIR-1S,56,f_R_mu_0,0.272476013,0.34457412
SIR-1S,56,f_R_sigma_0,0.016813329,0.039923609
SIR-1S,56,f_I_s_0,1.000111929,0.32096676
SIR-1S,56,f_I_scale_0,1.99e-05,8.18e-05
SIR-1S,56,beta_mu_0,0.469591061,0.479140262
SIR-1S,56,beta_sigma_0,0.001919929,0.013784286
SIR-1S,56,delta_beta_temporal_mu_0,-0.03380277,-0.019972845
SIR-1S,56,delta_beta_temporal_mu_1,-0.013635671,-0.010064724
SIR-1S,56,delta_beta_temporal_mu_2,-0.004861362,0.000634637
SIR-1S,56,delta_beta_temporal_mu_3,0.012031022,-3.98e-05
SIR-1S,56,delta_beta_temporal_mu_4,0.074361785,0.122273232
SIR-1S,56,delta_beta_temporal_mu_5,-0.039314586,-0.047786086
SIR-1S,56,delta_beta_temporal_mu_6,-0.012345925,-0.008955605
SIR-1S,56,delta_beta_temporal_mu_7,0.056916009,0.034578597
SIR-1S,56,delta_beta_temporal_mu_8,0.0575038,-0.01331024
SIR-1S,56,delta_beta_temporal_mu_9,0.02585573,-0.004363864
SIR-1S,56,delta_beta_temporal_mu_10,0.02595899,0.00809558
SIR-1S,56,delta_beta_temporal_mu_11,0.010868317,-0.0018703
SIR-1S,56,delta_beta_temporal_sigma_0,0.000824512,0.010643032
SIR-1S,56,delta_beta_temporal_sigma_1,0.013568771,0.056065138
SIR-1S,56,delta_beta_temporal_sigma_2,0.018753872,0.066589756
SIR-1S,56,delta_beta_temporal_sigma_3,0.010485798,0.045280501
SIR-1S,56,delta_beta_temporal_sigma_4,0.013021291,0.074797188
SIR-1S,56,delta_beta_temporal_sigma_5,0.023378846,0.048184268
SIR-1S,56,delta_beta_temporal_sigma_6,0.010720898,0.043900296
SIR-1S,56,delta_beta_temporal_sigma_7,0.007395834,0.0458842
SIR-1S,56,delta_beta_temporal_sigma_8,0.005653611,0.046910051
SIR-1S,56,delta_beta_temporal_sigma_9,0.01396711,0.061889638
SIR-1S,56,delta_beta_temporal_sigma_10,0.024661801,0.05559737
SIR-1S,56,delta_beta_temporal_sigma_11,0.012857956,0.042644995
SIR-1S,72,rho_h_s_0,0.461364799,0.246009108
SIR-1S,72,rho_h_scale_0,0.010223992,0.015287788
SIR-1S,72,f_R_mu_0,0.237934183,0.327223479
SIR-1S,72,f_R_sigma_0,0.071175159,0.073558336
SIR-1S,72,f_I_s_0,2.732579557,1.187405392
SIR-1S,72,f_I_scale_0,6.86e-05,0.00015735
SIR-1S,72,beta_mu_0,0.441914522,0.461295413
SIR-1S,72,beta_sigma_0,0.011101542,0.022646251
SIR-1S,72,delta_beta_temporal_mu_0,-0.016300892,0.012757209
SIR-1S,72,delta_beta_temporal_mu_1,0.022565214,-0.013165268
SIR-1S,72,delta_beta_temporal_mu_2,-0.065847957,-0.050714178
SIR-1S,72,delta_beta_temporal_mu_3,-0.106935582,-0.112885566
SIR-1S,72,delta_beta_temporal_mu_4,-0.008822733,0.005899654
SIR-1S,72,delta_beta_temporal_mu_5,-0.002805245,-0.002016988
SIR-1S,72,delta_beta_temporal_mu_6,-0.158185656,-0.154915983
SIR-1S,72,delta_beta_temporal_mu_7,-0.017818798,-0.003606669
SIR-1S,72,delta_beta_temporal_mu_8,-0.006373612,-0.019794735
SIR-1S,72,delta_beta_temporal_mu_9,0.040364426,0.04019417
SIR-1S,72,delta_beta_temporal_mu_10,-0.021951313,-0.027257514
SIR-1S,72,delta_beta_temporal_mu_11,0.038559634,0.016072219
SIR-1S,72,delta_beta_temporal_sigma_0,0.019416536,0.042215536
SIR-1S,72,delta_beta_temporal_sigma_1,0.064904907,0.06155942
SIR-1S,72,delta_beta_temporal_sigma_2,0.005711304,0.02863721
SIR-1S,72,delta_beta_temporal_sigma_3,0.011652998,0.039975198
SIR-1S,72,delta_beta_temporal_sigma_4,0.022741868,0.037038637
SIR-1S,72,delta_beta_temporal_sigma_5,0.020627913,0.033815179
SIR-1S,72,delta_beta_temporal_sigma_6,0.178988617,0.154197074
SIR-1S,72,delta_beta_temporal_sigma_7,0.08577383,0.103132586
SIR-1S,72,delta_beta_temporal_sigma_8,0.057374052,0.049662174
SIR-1S,72,delta_beta_temporal_sigma_9,0.04964586,0.046607361
SIR-1S,72,delta_beta_temporal_sigma_10,0.086739658,0.047839447
SIR-1S,72,delta_beta_temporal_sigma_11,0.024439007,0.043801994
